ID	COG
GBJ002_00002	E
GBJ002_00003	L
GBJ002_00008	M
GBJ002_00009	M
GBJ002_00013	C
GBJ002_00014	R
GBJ002_00015	J
GBJ002_00016	JR
GBJ002_00017	R
GBJ002_00018	E
GBJ002_00019	I
GBJ002_00020	EM
GBJ002_00021	E
GBJ002_00022	E
GBJ002_00023	E
GBJ002_00024	KT
GBJ002_00027	O
GBJ002_00033	M
GBJ002_00035	M
GBJ002_00036	E
GBJ002_00037	M
GBJ002_00038	MR
GBJ002_00040	D
GBJ002_00041	HR
GBJ002_00042	K
GBJ002_00043	T
GBJ002_00047	H
GBJ002_00048	R
GBJ002_00049	O
GBJ002_00050	T
GBJ002_00051	TK
GBJ002_00055	M
GBJ002_00056	E
GBJ002_00057	I
GBJ002_00058	D
GBJ002_00059	D
GBJ002_00060	D
GBJ002_00061	E
GBJ002_00065	G
GBJ002_00067	Z
GBJ002_00069	K
GBJ002_00070	G
GBJ002_00075	F
GBJ002_00077	HJ
GBJ002_00081	G
GBJ002_00084	E
GBJ002_00086	H
GBJ002_00094	R
GBJ002_00096	HR
GBJ002_00097	P
GBJ002_00098	P
GBJ002_00099	P
GBJ002_00102	R
GBJ002_00103	H
GBJ002_00104	V
GBJ002_00105	J
GBJ002_00108	JO
GBJ002_00109	JO
GBJ002_00111	L
GBJ002_00116	GM
GBJ002_00120	P
GBJ002_00121	M
GBJ002_00122	R
GBJ002_00124	K
GBJ002_00125	R
GBJ002_00126	E
GBJ002_00127	E
GBJ002_00128	E
GBJ002_00129	E
GBJ002_00130	E
GBJ002_00133	HR
GBJ002_00143	G
GBJ002_00144	G
GBJ002_00145	G
GBJ002_00146	G
GBJ002_00147	G
GBJ002_00148	K
GBJ002_00149	G
GBJ002_00150	R
GBJ002_00151	G
GBJ002_00153	Q
GBJ002_00154	H
GBJ002_00155	G
GBJ002_00156	K
GBJ002_00157	F
GBJ002_00159	E
GBJ002_00160	E
GBJ002_00161	E
GBJ002_00162	K
GBJ002_00163	E
GBJ002_00165	J
GBJ002_00167	I
GBJ002_00168	O
GBJ002_00169	V
GBJ002_00170	PR
GBJ002_00172	K
GBJ002_00174	C
GBJ002_00176	JO
GBJ002_00177	Q
GBJ002_00181	K
GBJ002_00182	R
GBJ002_00183	R
GBJ002_00186	G
GBJ002_00187	E
GBJ002_00190	F
GBJ002_00191	V
GBJ002_00199	C
GBJ002_00200	K
GBJ002_00204	K
GBJ002_00206	M
GBJ002_00212	E
GBJ002_00214	V
GBJ002_00215	GER
GBJ002_00216	KE
GBJ002_00217	S
GBJ002_00221	F
GBJ002_00222	R
GBJ002_00225	P
GBJ002_00226	JO
GBJ002_00227	E
GBJ002_00228	O
GBJ002_00244	F
GBJ002_00245	V
GBJ002_00246	U
GBJ002_00247	DM
GBJ002_00248	O
GBJ002_00249	O
GBJ002_00250	S
GBJ002_00251	S
GBJ002_00252	E
GBJ002_00253	E
GBJ002_00254	E
GBJ002_00255	K
GBJ002_00256	U
GBJ002_00257	P
GBJ002_00258	K
GBJ002_00260	I
GBJ002_00261	M
GBJ002_00262	JO
GBJ002_00263	DE
GBJ002_00264	R
GBJ002_00267	P
GBJ002_00268	JO
GBJ002_00269	S
GBJ002_00270	K
GBJ002_00271	G
GBJ002_00272	R
GBJ002_00275	D
GBJ002_00277	P
GBJ002_00278	E
GBJ002_00279	JE
GBJ002_00281	K
GBJ002_00282	D
GBJ002_00283	D
GBJ002_00284	D
GBJ002_00285	DT
GBJ002_00290	K
GBJ002_00291	L
GBJ002_00292	E
GBJ002_00293	E
GBJ002_00294	D
GBJ002_00295	D
GBJ002_00298	T
GBJ002_00299	E
GBJ002_00301	E
GBJ002_00302	P
GBJ002_00304	V
GBJ002_00306	FV
GBJ002_00309	HR
GBJ002_00310	HR
GBJ002_00311	R
GBJ002_00312	R
GBJ002_00313	K
GBJ002_00314	K
GBJ002_00315	P
GBJ002_00319	E
GBJ002_00320	S
GBJ002_00321	I
GBJ002_00322	T
GBJ002_00323	L
GBJ002_00326	C
GBJ002_00327	C
GBJ002_00328	GM
GBJ002_00329	J
GBJ002_00330	H
GBJ002_00331	P
GBJ002_00332	P
GBJ002_00334	K
GBJ002_00336	T
GBJ002_00337	P
GBJ002_00338	Q
GBJ002_00339	K
GBJ002_00354	HR
GBJ002_00355	K
GBJ002_00356	I
GBJ002_00357	K
GBJ002_00358	R
GBJ002_00359	L
GBJ002_00360	Q
GBJ002_00362	V
GBJ002_00365	TK
GBJ002_00366	T
GBJ002_00368	M
GBJ002_00372	T
GBJ002_00375	M
GBJ002_00378	V
GBJ002_00381	QV
GBJ002_00382	G
GBJ002_00384	E
GBJ002_00385	T
GBJ002_00388	Q
GBJ002_00390	D
GBJ002_00391	M
GBJ002_00392	V
GBJ002_00393	K
GBJ002_00396	T
GBJ002_00397	TK
GBJ002_00398	S
GBJ002_00399	K
GBJ002_00401	T
GBJ002_00402	S
GBJ002_00407	S
GBJ002_00408	H
GBJ002_00409	HE
GBJ002_00410	S
GBJ002_00412	G
GBJ002_00413	K
GBJ002_00414	Q
GBJ002_00415	L
GBJ002_00416	M
GBJ002_00446	M
GBJ002_00447	M
GBJ002_00449	G
GBJ002_00451	HR
GBJ002_00452	K
GBJ002_00453	G
GBJ002_00454	V
GBJ002_00458	R
GBJ002_00464	PR
GBJ002_00465	H
GBJ002_00468	J
GBJ002_00469	R
GBJ002_00470	L
GBJ002_00473	J
GBJ002_00474	J
GBJ002_00477	K
GBJ002_00478	C
GBJ002_00480	G
GBJ002_00484	I
GBJ002_00486	JV
GBJ002_00489	K
GBJ002_00491	H
GBJ002_00492	T
GBJ002_00497	Q
GBJ002_00498	GK
GBJ002_00500	R
GBJ002_00503	M
GBJ002_00505	J
GBJ002_00506	I
GBJ002_00507	R
GBJ002_00508	R
GBJ002_00509	J
GBJ002_00514	R
GBJ002_00515	G
GBJ002_00516	S
GBJ002_00519	S
GBJ002_00521	PT
GBJ002_00522	K
GBJ002_00526	U
GBJ002_00527	S
GBJ002_00528	G
GBJ002_00529	G
GBJ002_00530	G
GBJ002_00531	G
GBJ002_00532	G
GBJ002_00533	G
GBJ002_00535	S
GBJ002_00537	E
GBJ002_00540	K
GBJ002_00542	P
GBJ002_00543	K
GBJ002_00544	K
GBJ002_00545	R
GBJ002_00548	DI
GBJ002_00552	H
GBJ002_00554	R
GBJ002_00556	I
GBJ002_00557	R
GBJ002_00558	K
GBJ002_00561	K
GBJ002_00562	D
GBJ002_00564	K
GBJ002_00567	K
GBJ002_00569	JV
GBJ002_00570	L
GBJ002_00571	K
GBJ002_00572	R
GBJ002_00573	C
GBJ002_00581	P
GBJ002_00583	T
GBJ002_00584	S
GBJ002_00585	S
GBJ002_00587	R
GBJ002_00589	E
GBJ002_00590	G
GBJ002_00594	I
GBJ002_00595	G
GBJ002_00597	P
GBJ002_00599	JO
GBJ002_00601	S
GBJ002_00604	Q
GBJ002_00607	K
GBJ002_00608	CR
GBJ002_00609	G
GBJ002_00610	R
GBJ002_00611	J
GBJ002_00613	G
GBJ002_00614	Q
GBJ002_00615	E
GBJ002_00617	T
GBJ002_00618	E
GBJ002_00619	R
GBJ002_00620	E
GBJ002_00621	V
GBJ002_00623	G
GBJ002_00625	K
GBJ002_00627	I
GBJ002_00628	HC
GBJ002_00629	K
GBJ002_00630	CR
GBJ002_00631	O
GBJ002_00635	R
GBJ002_00636	C
GBJ002_00638	JO
GBJ002_00639	P
GBJ002_00640	I
GBJ002_00657	G
GBJ002_00658	K
GBJ002_00659	D
GBJ002_00660	D
GBJ002_00661	D
GBJ002_00663	JM
GBJ002_00665	M
GBJ002_00666	M
GBJ002_00669	T
GBJ002_00674	G
GBJ002_00676	DT
GBJ002_00678	R
GBJ002_00679	K
GBJ002_00681	M
GBJ002_00684	M
GBJ002_00687	DT
GBJ002_00688	S
GBJ002_00689	P
GBJ002_00690	R
GBJ002_00691	Q
GBJ002_00693	V
GBJ002_00698	L
GBJ002_00699	K
GBJ002_00701	C
GBJ002_00702	C
GBJ002_00703	F
GBJ002_00704	R
GBJ002_00705	R
GBJ002_00706	S
GBJ002_00707	I
GBJ002_00708	R
GBJ002_00709	E
GBJ002_00710	V
GBJ002_00711	F
GBJ002_00712	H
GBJ002_00713	S
GBJ002_00714	I
GBJ002_00715	I
GBJ002_00718	R
GBJ002_00719	R
GBJ002_00720	S
GBJ002_00723	O
GBJ002_00725	H
GBJ002_00726	H
GBJ002_00727	H
GBJ002_00728	P
GBJ002_00729	H
GBJ002_00730	C
GBJ002_00731	C
GBJ002_00732	C
GBJ002_00733	C
GBJ002_00736	D
GBJ002_00737	D
GBJ002_00741	Q
GBJ002_00745	E
GBJ002_00746	E
GBJ002_00748	E
GBJ002_00750	M
GBJ002_00752	K
GBJ002_00754	JV
GBJ002_00755	K
GBJ002_00756	K
GBJ002_00757	C
GBJ002_00758	R
GBJ002_00759	L
GBJ002_00760	L
GBJ002_00761	R
GBJ002_00762	O
GBJ002_00763	TK
GBJ002_00764	H
GBJ002_00765	F
GBJ002_00766	I
GBJ002_00767	S
GBJ002_00768	I
GBJ002_00769	D
GBJ002_00770	D
GBJ002_00772	L
GBJ002_00773	O
GBJ002_00776	C
GBJ002_00777	D
GBJ002_00778	GM
GBJ002_00780	D
GBJ002_00782	G
GBJ002_00784	J
GBJ002_00785	F
GBJ002_00787	I
GBJ002_00788	I
GBJ002_00789	H
GBJ002_00790	I
GBJ002_00791	K
GBJ002_00794	S
GBJ002_00795	S
GBJ002_00796	M
GBJ002_00797	T
GBJ002_00798	S
GBJ002_00799	Q
GBJ002_00800	DT
GBJ002_00801	R
GBJ002_00802	Q
GBJ002_00803	E
GBJ002_00804	T
GBJ002_00805	E
GBJ002_00806	C
GBJ002_00808	K
GBJ002_00809	E
GBJ002_00810	Q
GBJ002_00811	E
GBJ002_00812	E
GBJ002_00814	HJ
GBJ002_00815	V
GBJ002_00819	T
GBJ002_00820	CO
GBJ002_00821	GER
GBJ002_00822	R
GBJ002_00824	JV
GBJ002_00825	X
GBJ002_00828	K
GBJ002_00829	R
GBJ002_00831	F
GBJ002_00833	P
GBJ002_00837	M
GBJ002_00838	V
GBJ002_00839	V
GBJ002_00840	S
GBJ002_00842	G
GBJ002_00843	P
GBJ002_00844	P
GBJ002_00845	P
GBJ002_00846	P
GBJ002_00847	FV
GBJ002_00848	S
GBJ002_00849	L
GBJ002_00852	S
GBJ002_00853	K
GBJ002_00859	L
GBJ002_00861	X
GBJ002_00863	KT
GBJ002_00864	E
GBJ002_00865	K
GBJ002_00866	PR
GBJ002_00867	J
GBJ002_00868	P
GBJ002_00870	MDT
GBJ002_00871	L
GBJ002_00873	T
GBJ002_00874	J
GBJ002_00876	S
GBJ002_00877	GT
GBJ002_00878	G
GBJ002_00879	KG
GBJ002_00880	C
GBJ002_00881	O
GBJ002_00884	E
GBJ002_00885	G
GBJ002_00887	R
GBJ002_00888	P
GBJ002_00889	B
GBJ002_00891	P
GBJ002_00892	P
GBJ002_00893	K
GBJ002_00897	R
GBJ002_00898	PH
GBJ002_00899	P
GBJ002_00900	P
GBJ002_00901	P
GBJ002_00902	L
GBJ002_00904	L
GBJ002_00905	L
GBJ002_00906	E
GBJ002_00907	S
GBJ002_00909	G
GBJ002_00910	HR
GBJ002_00911	T
GBJ002_00912	M
GBJ002_00915	MO
GBJ002_00918	M
GBJ002_00920	KE
GBJ002_00924	O
GBJ002_00925	DM
GBJ002_00926	R
GBJ002_00927	M
GBJ002_00928	J
GBJ002_00930	L
GBJ002_00931	L
GBJ002_00932	D
GBJ002_00933	T
GBJ002_00934	J
GBJ002_00935	C
GBJ002_00936	C
GBJ002_00938	S
GBJ002_00939	T
GBJ002_00940	JR
GBJ002_00941	L
GBJ002_00942	H
GBJ002_00943	I
GBJ002_00944	D
GBJ002_00946	D
GBJ002_00947	I
GBJ002_00948	R
GBJ002_00949	R
GBJ002_00950	F
GBJ002_00951	F
GBJ002_00952	F
GBJ002_00953	T
GBJ002_00954	K
GBJ002_00955	D
GBJ002_00957	O
GBJ002_00958	J
GBJ002_00959	EM
GBJ002_00960	E
GBJ002_00961	E
GBJ002_00969	X
GBJ002_00981	X
GBJ002_00989	L
GBJ002_01012	DE
GBJ002_01013	R
GBJ002_01014	R
GBJ002_01015	GM
GBJ002_01016	J
GBJ002_01017	J
GBJ002_01018	H
GBJ002_01019	J
GBJ002_01020	J
GBJ002_01021	S
GBJ002_01022	J
GBJ002_01023	J
GBJ002_01024	AJ
GBJ002_01025	K
GBJ002_01026	J
GBJ002_01027	L
GBJ002_01028	J
GBJ002_01029	OK
GBJ002_01030	I
GBJ002_01031	I
GBJ002_01032	I
GBJ002_01033	J
GBJ002_01035	J
GBJ002_01036	J
GBJ002_01037	K
GBJ002_01038	O
GBJ002_01039	O
GBJ002_01040	L
GBJ002_01041	J
GBJ002_01042	L
GBJ002_01043	L
GBJ002_01044	C
GBJ002_01045	C
GBJ002_01046	L
GBJ002_01047	J
GBJ002_01048	U
GBJ002_01049	J
GBJ002_01050	J
GBJ002_01051	J
GBJ002_01052	R
GBJ002_01053	J
GBJ002_01054	U
GBJ002_01055	K
GBJ002_01056	U
GBJ002_01057	D
GBJ002_01058	K
GBJ002_01059	I
GBJ002_01060	I
GBJ002_01061	I
GBJ002_01062	I
GBJ002_01063	Q
GBJ002_01064	L
GBJ002_01065	I
GBJ002_01066	S
GBJ002_01067	J
GBJ002_01068	D
GBJ002_01070	G
GBJ002_01071	J
GBJ002_01072	M
GBJ002_01073	T
GBJ002_01074	J
GBJ002_01076	J
GBJ002_01077	J
GBJ002_01078	L
GBJ002_01079	H
GBJ002_01080	K
GBJ002_01081	F
GBJ002_01082	M
GBJ002_01083	J
GBJ002_01084	P
GBJ002_01085	JO
GBJ002_01086	E
GBJ002_01092	F
GBJ002_01093	F
GBJ002_01094	F
GBJ002_01095	HC
GBJ002_01097	EF
GBJ002_01098	F
GBJ002_01099	F
GBJ002_01100	F
GBJ002_01101	F
GBJ002_01102	J
GBJ002_01103	MU
GBJ002_01104	K
GBJ002_01105	J
GBJ002_01106	D
GBJ002_01107	J
GBJ002_01109	D
GBJ002_01110	H
GBJ002_01111	P
GBJ002_01112	R
GBJ002_01113	DK
GBJ002_01114	DK
GBJ002_01115	DKO
GBJ002_01116	D
GBJ002_01117	D
GBJ002_01118	D
GBJ002_01119	M
GBJ002_01120	M
GBJ002_01121	D
GBJ002_01122	M
GBJ002_01123	M
GBJ002_01124	M
GBJ002_01125	DM
GBJ002_01126	M
GBJ002_01127	D
GBJ002_01128	J
GBJ002_01129	Q
GBJ002_01130	H
GBJ002_01132	DK
GBJ002_01133	J
GBJ002_01134	J
GBJ002_01135	J
GBJ002_01136	T
GBJ002_01137	R
GBJ002_01138	DE
GBJ002_01139	H
GBJ002_01140	J
GBJ002_01143	S
GBJ002_01144	T
GBJ002_01145	G
GBJ002_01147	D
GBJ002_01148	DR
GBJ002_01150	V
GBJ002_01151	CO
GBJ002_01152	C
GBJ002_01153	C
GBJ002_01154	C
GBJ002_01155	C
GBJ002_01156	HI
GBJ002_01157	H
GBJ002_01158	C
GBJ002_01159	D
GBJ002_01160	S
GBJ002_01162	R
GBJ002_01164	S
GBJ002_01167	T
GBJ002_01169	G
GBJ002_01171	S
GBJ002_01172	S
GBJ002_01173	E
GBJ002_01174	D
GBJ002_01183	C
GBJ002_01184	C
GBJ002_01185	C
GBJ002_01186	C
GBJ002_01188	J
GBJ002_01189	HR
GBJ002_01190	KV
GBJ002_01191	J
GBJ002_01192	PT
GBJ002_01194	R
GBJ002_01195	E
GBJ002_01196	K
GBJ002_01197	K
GBJ002_01199	R
GBJ002_01201	S
GBJ002_01202	O
GBJ002_01204	T
GBJ002_01205	I
GBJ002_01206	R
GBJ002_01210	FT
GBJ002_01213	TK
GBJ002_01216	G
GBJ002_01217	K
GBJ002_01218	E
GBJ002_01222	DT
GBJ002_01224	E
GBJ002_01225	K
GBJ002_01226	G
GBJ002_01227	G
GBJ002_01228	G
GBJ002_01229	G
GBJ002_01230	G
GBJ002_01231	G
GBJ002_01232	C
GBJ002_01238	R
GBJ002_01239	I
GBJ002_01240	F
GBJ002_01246	K
GBJ002_01247	I
GBJ002_01249	E
GBJ002_01250	E
GBJ002_01251	V
GBJ002_01252	E
GBJ002_01253	G
GBJ002_01254	E
GBJ002_01255	EG
GBJ002_01256	E
GBJ002_01259	I
GBJ002_01260	V
GBJ002_01261	T
GBJ002_01262	C
GBJ002_01265	G
GBJ002_01266	TG
GBJ002_01267	G
GBJ002_01268	K
GBJ002_01269	HR
GBJ002_01270	K
GBJ002_01271	G
GBJ002_01272	G
GBJ002_01273	U
GBJ002_01274	K
GBJ002_01275	L
GBJ002_01277	S
GBJ002_01279	O
GBJ002_01280	S
GBJ002_01281	HR
GBJ002_01282	DE
GBJ002_01283	D
GBJ002_01284	DE
GBJ002_01285	DE
GBJ002_01286	DE
GBJ002_01287	DE
GBJ002_01288	DE
GBJ002_01290	R
GBJ002_01291	DK
GBJ002_01292	T
GBJ002_01293	DT
GBJ002_01294	M
GBJ002_01295	K
GBJ002_01296	JV
GBJ002_01300	K
GBJ002_01301	S
GBJ002_01302	F
GBJ002_01303	P
GBJ002_01304	F
GBJ002_01305	F
GBJ002_01306	G
GBJ002_01308	L
GBJ002_01310	P
GBJ002_01311	D
GBJ002_01312	JO
GBJ002_01313	V
GBJ002_01315	HR
GBJ002_01316	Q
GBJ002_01317	R
GBJ002_01319	FV
GBJ002_01321	HR
GBJ002_01322	E
GBJ002_01323	K
GBJ002_01324	J
GBJ002_01325	T
GBJ002_01327	S
GBJ002_01328	H
GBJ002_01329	H
GBJ002_01330	H
GBJ002_01331	H
GBJ002_01333	H
GBJ002_01334	C
GBJ002_01335	HR
GBJ002_01336	H
GBJ002_01337	H
GBJ002_01338	H
GBJ002_01340	C
GBJ002_01342	DI
GBJ002_01343	K
GBJ002_01345	S
GBJ002_01346	E
GBJ002_01347	E
GBJ002_01348	E
GBJ002_01349	E
GBJ002_01350	E
GBJ002_01352	R
GBJ002_01353	R
GBJ002_01354	E
GBJ002_01355	E
GBJ002_01356	E
GBJ002_01358	J
GBJ002_01361	P
GBJ002_01362	P
GBJ002_01363	L
GBJ002_01365	E
GBJ002_01366	JO
GBJ002_01368	M
GBJ002_01369	S
GBJ002_01370	E
GBJ002_01371	E
GBJ002_01372	ET
GBJ002_01375	F
GBJ002_01376	S
GBJ002_01377	D
GBJ002_01378	C
GBJ002_01379	C
GBJ002_01380	C
GBJ002_01381	C
GBJ002_01382	C
GBJ002_01383	E
GBJ002_01384	C
GBJ002_01385	KT
GBJ002_01387	I
GBJ002_01405	DT
GBJ002_01406	DO
GBJ002_01407	L
GBJ002_01408	K
GBJ002_01409	J
GBJ002_01410	HI
GBJ002_01411	H
GBJ002_01412	L
GBJ002_01413	L
GBJ002_01414	H
GBJ002_01415	K
GBJ002_01416	S
GBJ002_01417	I
GBJ002_01418	I
GBJ002_01419	D
GBJ002_01420	D
GBJ002_01421	D
GBJ002_01422	D
GBJ002_01423	D
GBJ002_01424	D
GBJ002_01425	D
GBJ002_01426	D
GBJ002_01428	JO
GBJ002_01430	J
GBJ002_01431	E
GBJ002_01432	E
GBJ002_01434	S
GBJ002_01436	G
GBJ002_01437	K
GBJ002_01438	L
GBJ002_01439	K
GBJ002_01440	L
GBJ002_01442	H
GBJ002_01443	P
GBJ002_01445	K
GBJ002_01446	K
GBJ002_01447	V
GBJ002_01448	V
GBJ002_01453	E
GBJ002_01454	E
GBJ002_01455	E
GBJ002_01456	KL
GBJ002_01457	D
GBJ002_01461	D
GBJ002_01462	E
GBJ002_01467	NU
GBJ002_01468	X
GBJ002_01469	NU
GBJ002_01470	NU
GBJ002_01471	K
GBJ002_01473	E
GBJ002_01480	M
GBJ002_01481	E
GBJ002_01482	E
GBJ002_01483	E
GBJ002_01484	E
GBJ002_01485	HR
GBJ002_01486	K
GBJ002_01487	R
GBJ002_01488	R
GBJ002_01490	GK
GBJ002_01491	S
GBJ002_01492	H
GBJ002_01493	J
GBJ002_01494	JM
GBJ002_01495	P
GBJ002_01496	P
GBJ002_01497	P
GBJ002_01498	P
GBJ002_01499	P
GBJ002_01500	DM
GBJ002_01502	P
GBJ002_01506	I
GBJ002_01507	P
GBJ002_01508	P
GBJ002_01509	P
GBJ002_01510	S
GBJ002_01511	D
GBJ002_01512	L
GBJ002_01513	L
GBJ002_01515	I
GBJ002_01516	S
GBJ002_01517	J
GBJ002_01518	C
GBJ002_01519	K
GBJ002_01520	L
GBJ002_01521	T
GBJ002_01522	T
GBJ002_01523	L
GBJ002_01525	J
GBJ002_01526	F
GBJ002_01527	I
GBJ002_01528	J
GBJ002_01529	T
GBJ002_01530	T
GBJ002_01531	D
GBJ002_01532	D
GBJ002_01533	R
GBJ002_01534	J
GBJ002_01535	J
GBJ002_01536	J
GBJ002_01537	J
GBJ002_01538	O
GBJ002_01539	O
GBJ002_01540	O
GBJ002_01541	K
GBJ002_01542	H
GBJ002_01543	K
GBJ002_01544	J
GBJ002_01546	D
GBJ002_01547	J
GBJ002_01548	L
GBJ002_01550	U
GBJ002_01551	FJ
GBJ002_01552	L
GBJ002_01553	E
GBJ002_01554	HJ
GBJ002_01555	J
GBJ002_01557	H
GBJ002_01558	J
GBJ002_01559	E
GBJ002_01560	J
GBJ002_01561	R
GBJ002_01562	DL
GBJ002_01563	I
GBJ002_01564	DK
GBJ002_01567	J
GBJ002_01568	C
GBJ002_01569	FT
GBJ002_01571	PR
GBJ002_01572	J
GBJ002_01573	HR
GBJ002_01576	G
GBJ002_01579	U
GBJ002_01580	O
GBJ002_01581	E
GBJ002_01582	H
GBJ002_01583	Q
GBJ002_01584	S
GBJ002_01585	R
GBJ002_01586	I
GBJ002_01587	J
GBJ002_01588	JO
GBJ002_01590	PH
GBJ002_01591	P
GBJ002_01592	P
GBJ002_01594	C
GBJ002_01595	E
GBJ002_01596	E
GBJ002_01597	FH
GBJ002_01598	HJ
GBJ002_01601	DM
GBJ002_01603	K
GBJ002_01604	F
GBJ002_01605	J
GBJ002_01606	J
GBJ002_01607	J
GBJ002_01608	M
GBJ002_01609	S
GBJ002_01610	JLK
GBJ002_01612	J
GBJ002_01614	R
GBJ002_01618	L
GBJ002_01619	R
GBJ002_01620	J
GBJ002_01621	E
GBJ002_01622	K
GBJ002_01623	L
GBJ002_01624	DK
GBJ002_01625	J
GBJ002_01626	J
GBJ002_01627	J
GBJ002_01630	J
GBJ002_01631	TK
GBJ002_01632	F
GBJ002_01633	L
GBJ002_01634	P
GBJ002_01635	U
GBJ002_01637	D
GBJ002_01638	S
GBJ002_01639	D
GBJ002_01640	U
GBJ002_01641	J
GBJ002_01642	J
GBJ002_01644	L
GBJ002_01645	L
GBJ002_01646	P
GBJ002_01647	DT
GBJ002_01652	H
GBJ002_01653	H
GBJ002_01654	H
GBJ002_01655	E
GBJ002_01656	KH
GBJ002_01657	FV
GBJ002_01659	E
GBJ002_01660	V
GBJ002_01661	Q
GBJ002_01662	M
GBJ002_01663	T
GBJ002_01664	TK
GBJ002_01665	DL
GBJ002_01666	DT
GBJ002_01667	J
GBJ002_01668	S
GBJ002_01669	J
GBJ002_01670	J
GBJ002_01671	O
GBJ002_01672	D
GBJ002_01673	D
GBJ002_01674	D
GBJ002_01675	M
GBJ002_01676	DZ
GBJ002_01677	DZ
GBJ002_01678	L
GBJ002_01679	Q
GBJ002_01680	D
GBJ002_01681	H
GBJ002_01682	J
GBJ002_01683	D
GBJ002_01685	H
GBJ002_01686	H
GBJ002_01687	H
GBJ002_01688	H
GBJ002_01689	O
GBJ002_01690	H
GBJ002_01691	K
GBJ002_01692	V
GBJ002_01693	D
GBJ002_01694	O
GBJ002_01695	O
GBJ002_01696	O
GBJ002_01697	O
GBJ002_01707	R
GBJ002_01708	F
GBJ002_01709	J
GBJ002_01710	D
GBJ002_01711	M
GBJ002_01712	G
GBJ002_01713	V
GBJ002_01714	K
GBJ002_01715	V
GBJ002_01716	DK
GBJ002_01717	F
GBJ002_01718	FR
GBJ002_01719	KT
GBJ002_01720	R
GBJ002_01722	G
GBJ002_01723	K
GBJ002_01724	CP
GBJ002_01725	R
GBJ002_01726	R
GBJ002_01727	N
GBJ002_01728	N
GBJ002_01729	M
GBJ002_01730	I
GBJ002_01731	C
GBJ002_01732	C
GBJ002_01733	C
GBJ002_01735	L
GBJ002_01736	O
GBJ002_01737	C
GBJ002_01738	C
GBJ002_01739	I
GBJ002_01740	K
GBJ002_01741	I
GBJ002_01743	P
GBJ002_01744	P
GBJ002_01746	Q
GBJ002_01750	JV
GBJ002_01751	T
GBJ002_01752	TK
GBJ002_01754	S
GBJ002_01755	J
GBJ002_01756	H
GBJ002_01757	S
GBJ002_01758	PH
GBJ002_01759	P
GBJ002_01760	P
GBJ002_01762	P
GBJ002_01763	P
GBJ002_01764	E
GBJ002_01765	J
GBJ002_01767	J
GBJ002_01768	L
GBJ002_01769	FM
GBJ002_01770	D
GBJ002_01771	L
GBJ002_01773	J
GBJ002_01774	J
GBJ002_01775	J
GBJ002_01776	J
GBJ002_01777	D
GBJ002_01778	JR
GBJ002_01781	G
GBJ002_01782	V
GBJ002_01783	K
GBJ002_01784	EG
GBJ002_01785	F
GBJ002_01786	J
GBJ002_01787	J
GBJ002_01788	J
GBJ002_01789	J
GBJ002_01790	D
GBJ002_01792	L
GBJ002_01793	L
GBJ002_01794	K
GBJ002_01795	E
GBJ002_01796	G
GBJ002_01797	H
GBJ002_01798	P
GBJ002_01799	L
GBJ002_01800	L
GBJ002_01801	T
GBJ002_01802	TK
GBJ002_01805	I
GBJ002_01806	C
GBJ002_01807	C
GBJ002_01809	S
GBJ002_01810	R
GBJ002_01811	R
GBJ002_01812	T
GBJ002_01813	G
GBJ002_01814	I
GBJ002_01815	I
GBJ002_01816	K
GBJ002_01817	C
GBJ002_01818	L
GBJ002_01819	D
GBJ002_01820	D
GBJ002_01821	FT
GBJ002_01824	K
GBJ002_01826	G
GBJ002_01827	E
GBJ002_01834	G
GBJ002_01836	E
GBJ002_01837	I
GBJ002_01838	T
GBJ002_01842	E
GBJ002_01843	E
GBJ002_01847	S
GBJ002_01851	C
GBJ002_01852	L
GBJ002_01853	O
GBJ002_01854	S
GBJ002_01855	D
GBJ002_01856	H
GBJ002_01857	R
GBJ002_01858	C
GBJ002_01859	I
GBJ002_01860	D
GBJ002_01861	HJ
GBJ002_01862	E
GBJ002_01863	D
GBJ002_01864	K
GBJ002_01865	GER
GBJ002_01866	K
GBJ002_01867	VT
GBJ002_01868	E
GBJ002_01869	J
GBJ002_01872	J
GBJ002_01873	R
GBJ002_01874	I
GBJ002_01876	T
GBJ002_01877	Q
GBJ002_01880	TK
GBJ002_01881	T
GBJ002_01882	T
GBJ002_01883	R
GBJ002_01884	M
GBJ002_01888	K
GBJ002_01889	R
GBJ002_01891	S
GBJ002_01892	E
GBJ002_01894	E
GBJ002_01895	JO
GBJ002_01898	M
GBJ002_01899	H
GBJ002_01901	M
GBJ002_01903	J
GBJ002_01904	R
GBJ002_01905	O
GBJ002_01906	FV
GBJ002_01907	EG
GBJ002_01908	S
GBJ002_01909	R
GBJ002_01910	J
GBJ002_01912	H
GBJ002_01913	G
GBJ002_01914	J
GBJ002_01915	E
GBJ002_01916	KG
GBJ002_01917	J
GBJ002_01918	D
GBJ002_01919	R
GBJ002_01920	GEPR
GBJ002_01921	K
GBJ002_01922	I
GBJ002_01926	K
GBJ002_01927	I
GBJ002_01928	G
GBJ002_01932	H
GBJ002_01933	H
GBJ002_01934	H
GBJ002_01935	H
GBJ002_01936	H
GBJ002_01939	D
GBJ002_01940	P
GBJ002_01942	E
GBJ002_01947	F
GBJ002_01949	J
GBJ002_01950	G
GBJ002_01951	P
GBJ002_01952	PT
GBJ002_01953	L
GBJ002_01955	M
GBJ002_01956	S
GBJ002_01959	R
GBJ002_01960	J
GBJ002_01962	P
GBJ002_01964	I
GBJ002_01965	R
GBJ002_01966	I
GBJ002_01967	M
GBJ002_01968	H
GBJ002_01969	H
GBJ002_01972	H
GBJ002_01973	C
GBJ002_01977	GER
GBJ002_01978	R
GBJ002_01979	H
GBJ002_01985	DT
GBJ002_01988	HR
GBJ002_01989	M
GBJ002_01994	P
GBJ002_01995	P
GBJ002_01996	P
GBJ002_01999	H
GBJ002_02001	F
GBJ002_02010	T
GBJ002_02011	M
GBJ002_02012	P
GBJ002_02013	C
GBJ002_02014	C
GBJ002_02015	D
GBJ002_02018	S
GBJ002_02022	S
GBJ002_02023	TV
GBJ002_02026	P
GBJ002_02027	P
GBJ002_02029	T
GBJ002_02030	TK
GBJ002_02031	M
GBJ002_02035	F
GBJ002_02036	IR
GBJ002_02037	S
GBJ002_02052	M
GBJ002_02053	K
GBJ002_02057	K
GBJ002_02059	TK
GBJ002_02060	T
GBJ002_02061	V
GBJ002_02062	V
GBJ002_02063	M
GBJ002_02064	V
GBJ002_02066	G
GBJ002_02067	K
GBJ002_02068	G
GBJ002_02070	J
GBJ002_02071	R
GBJ002_02072	M
GBJ002_02073	T
GBJ002_02074	TK
GBJ002_02075	MR
GBJ002_02076	I
GBJ002_02077	H
GBJ002_02078	HR
GBJ002_02079	H
GBJ002_02080	HQ
GBJ002_02081	H
GBJ002_02082	K
GBJ002_02083	K
GBJ002_02084	C
GBJ002_02089	G
GBJ002_02090	G
GBJ002_02091	G
GBJ002_02092	G
GBJ002_02093	G
GBJ002_02095	C
GBJ002_02123	P
GBJ002_02124	PT
GBJ002_02126	G
GBJ002_02127	S
GBJ002_02128	R
GBJ002_02130	E
GBJ002_02131	K
GBJ002_02132	CHR
GBJ002_02133	HR
GBJ002_02135	ER
GBJ002_02136	P
GBJ002_02139	T
GBJ002_02140	P
GBJ002_02142	L
GBJ002_02143	J
GBJ002_02144	Q
GBJ002_02146	H
GBJ002_02147	M
GBJ002_02148	G
GBJ002_02149	T
GBJ002_02150	E
GBJ002_02151	S
GBJ002_02153	F
GBJ002_02154	C
GBJ002_02155	O
GBJ002_02156	K
GBJ002_02159	S
GBJ002_02160	S
GBJ002_02164	JO
GBJ002_02165	O
GBJ002_02166	E
GBJ002_02167	S
GBJ002_02168	C
GBJ002_02169	M
GBJ002_02171	R
GBJ002_02179	O
GBJ002_02180	O
GBJ002_02182	D
GBJ002_02183	I
GBJ002_02184	JO
GBJ002_02188	HR
GBJ002_02190	R
GBJ002_02191	F
GBJ002_02192	K
GBJ002_02193	R
GBJ002_02194	G
GBJ002_02196	J
GBJ002_02197	S
GBJ002_02198	D
GBJ002_02199	K
GBJ002_02200	R
GBJ002_02202	G
GBJ002_02203	R
GBJ002_02204	H
GBJ002_02205	M
GBJ002_02206	D
GBJ002_02207	S
GBJ002_02208	FV
GBJ002_02209	O
GBJ002_02210	O
GBJ002_02211	E
GBJ002_02212	O
GBJ002_02213	O
GBJ002_02214	P
GBJ002_02215	P
GBJ002_02216	E
GBJ002_02217	E
GBJ002_02219	O
GBJ002_02220	J
GBJ002_02221	E
GBJ002_02222	P
GBJ002_02225	T
GBJ002_02226	C
GBJ002_02230	I
GBJ002_02231	I
GBJ002_02232	I
GBJ002_02234	M
GBJ002_02235	E
GBJ002_02237	H
GBJ002_02238	T
GBJ002_02239	K
GBJ002_02241	G
GBJ002_02242	E
GBJ002_02245	M
GBJ002_02247	S
GBJ002_02248	JO
GBJ002_02253	K
GBJ002_02254	M
GBJ002_02256	M
GBJ002_02257	TK
GBJ002_02258	T
GBJ002_02259	E
GBJ002_02261	J
GBJ002_02263	T
GBJ002_02264	T
GBJ002_02265	O
GBJ002_02268	O
GBJ002_02269	R
GBJ002_02270	K
GBJ002_02272	M
GBJ002_02273	P
GBJ002_02274	PT
GBJ002_02275	E
GBJ002_02276	B
GBJ002_02279	F
GBJ002_02280	V
GBJ002_02281	P
GBJ002_02282	S
GBJ002_02283	F
GBJ002_02284	F
GBJ002_02285	E
GBJ002_02286	E
GBJ002_02287	R
GBJ002_02290	Q
GBJ002_02291	G
GBJ002_02292	K
GBJ002_02294	C
GBJ002_02295	J
GBJ002_02296	M
GBJ002_02297	R
GBJ002_02298	T
GBJ002_02299	L
GBJ002_02301	DP
GBJ002_02305	R
GBJ002_02306	JO
GBJ002_02308	R
GBJ002_02319	P
GBJ002_02320	P
GBJ002_02321	P
GBJ002_02322	P
GBJ002_02323	TK
GBJ002_02325	O
GBJ002_02326	K
GBJ002_02327	Q
GBJ002_02328	U
GBJ002_02329	M
GBJ002_02330	R
GBJ002_02331	F
GBJ002_02332	G
GBJ002_02333	G
GBJ002_02334	G
GBJ002_02335	G
GBJ002_02336	G
GBJ002_02337	K
GBJ002_02338	O
GBJ002_02339	K
GBJ002_02343	DE
GBJ002_02344	DE
GBJ002_02345	DE
GBJ002_02347	S
GBJ002_02348	O
GBJ002_02349	TG
GBJ002_02350	K
GBJ002_02351	GH
GBJ002_02352	T
GBJ002_02353	F
GBJ002_02354	M
GBJ002_02355	O
GBJ002_02356	W
GBJ002_02357	R
GBJ002_02358	C
GBJ002_02359	M
GBJ002_02360	T
GBJ002_02361	S
GBJ002_02363	L
GBJ002_02364	L
GBJ002_02367	K
GBJ002_02369	K
GBJ002_02370	S
GBJ002_02371	K
GBJ002_02373	K
GBJ002_02374	C
GBJ002_02376	S
GBJ002_02377	V
GBJ002_02379	O
GBJ002_02380	D
GBJ002_02381	D
GBJ002_02382	C
GBJ002_02383	J
GBJ002_02385	U
GBJ002_02386	J
GBJ002_02387	K
GBJ002_02388	R
GBJ002_02389	L
GBJ002_02390	S
GBJ002_02391	K
GBJ002_02392	I
GBJ002_02393	R
GBJ002_02394	M
GBJ002_02395	M
GBJ002_02396	M
GBJ002_02397	M
GBJ002_02398	GM
GBJ002_02399	K
GBJ002_02401	P
GBJ002_02402	G
GBJ002_02403	G
GBJ002_02404	G
GBJ002_02406	G
GBJ002_02408	E
GBJ002_02409	G
GBJ002_02410	G
GBJ002_02412	C
GBJ002_02415	S
GBJ002_02416	K
GBJ002_02419	C
GBJ002_02420	C
GBJ002_02421	P
GBJ002_02422	H
GBJ002_02423	C
GBJ002_02425	S
GBJ002_02426	S
GBJ002_02427	M
GBJ002_02428	EH
GBJ002_02431	F
GBJ002_02433	N
GBJ002_02435	M
GBJ002_02436	S
GBJ002_02441	S
GBJ002_02442	KL
GBJ002_02443	S
GBJ002_02450	V
GBJ002_02451	M
GBJ002_02452	MV
GBJ002_02453	K
GBJ002_02455	G
GBJ002_02456	GH
GBJ002_02458	T
GBJ002_02459	TK
GBJ002_02461	M
GBJ002_02462	M
GBJ002_02463	M
GBJ002_02464	M
GBJ002_02469	M
GBJ002_02470	T
GBJ002_02471	D
GBJ002_02472	M
GBJ002_02473	D
GBJ002_02474	I
GBJ002_02475	DZ
GBJ002_02477	D
GBJ002_02479	JV
GBJ002_02480	JV
GBJ002_02481	M
GBJ002_02482	M
GBJ002_02484	S
GBJ002_02486	C
GBJ002_02487	C
GBJ002_02488	C
GBJ002_02489	C
GBJ002_02490	C
GBJ002_02491	C
GBJ002_02492	C
GBJ002_02494	C
GBJ002_02495	C
GBJ002_02496	T
GBJ002_02499	C
GBJ002_02500	C
GBJ002_02501	C
GBJ002_02502	C
GBJ002_02503	C
GBJ002_02504	C
GBJ002_02505	C
GBJ002_02506	C
GBJ002_02509	F
GBJ002_02510	E
GBJ002_02511	S
GBJ002_02512	G
GBJ002_02513	T
GBJ002_02514	G
GBJ002_02515	S
GBJ002_02516	C
GBJ002_02521	P
GBJ002_02522	J
GBJ002_02523	E
GBJ002_02524	D
GBJ002_02525	J
GBJ002_02526	J
GBJ002_02527	F
GBJ002_02529	K
GBJ002_02530	G
GBJ002_02531	M
GBJ002_02532	G
GBJ002_02533	DT
GBJ002_02535	F
GBJ002_02536	K
GBJ002_02537	K
GBJ002_02538	I
GBJ002_02539	I
GBJ002_02540	I
GBJ002_02541	I
GBJ002_02542	C
GBJ002_02560	I
GBJ002_02561	L
GBJ002_02562	DT
GBJ002_02565	O
GBJ002_02566	TK
GBJ002_02567	T
GBJ002_02568	V
GBJ002_02569	JV
GBJ002_02570	J
GBJ002_02572	OE
GBJ002_02576	K
GBJ002_02577	J
GBJ002_02578	S
GBJ002_02580	S
GBJ002_02581	G
GBJ002_02582	E
GBJ002_02583	E
GBJ002_02584	G
GBJ002_02585	K
GBJ002_02586	I
GBJ002_02587	M
GBJ002_02589	O
GBJ002_02590	Q
GBJ002_02591	R
GBJ002_02592	P
GBJ002_02593	PH
GBJ002_02594	P
GBJ002_02595	P
GBJ002_02596	S
GBJ002_02597	DK
GBJ002_02598	H
GBJ002_02599	C
GBJ002_02600	HP
GBJ002_02601	M
GBJ002_02602	DM
GBJ002_02603	D
GBJ002_02604	S
GBJ002_02606	PT
GBJ002_02607	F
GBJ002_02608	HR
GBJ002_02610	L
GBJ002_02611	O
GBJ002_02612	JV
GBJ002_02613	DI
GBJ002_02614	K
GBJ002_02615	S
GBJ002_02616	E
GBJ002_02617	E
GBJ002_02618	E
GBJ002_02620	H
GBJ002_02621	T
GBJ002_02622	C
GBJ002_02623	TK
GBJ002_02624	T
GBJ002_02625	H
GBJ002_02627	S
GBJ002_02628	CE
GBJ002_02629	KT
GBJ002_02630	G
GBJ002_02631	M
GBJ002_02632	M
GBJ002_02634	P
GBJ002_02635	T
GBJ002_02636	M
GBJ002_02637	I
GBJ002_02638	M
GBJ002_02640	M
GBJ002_02641	M
GBJ002_02642	M
GBJ002_02643	S
GBJ002_02644	M
GBJ002_02647	R
GBJ002_02648	K
GBJ002_02649	V
GBJ002_02650	O
GBJ002_02651	R
GBJ002_02652	M
GBJ002_02653	R
GBJ002_02654	KT
GBJ002_02655	T
GBJ002_02656	G
GBJ002_02657	M
GBJ002_02658	P
GBJ002_02659	P
GBJ002_02664	M
GBJ002_02665	U
GBJ002_02667	L
GBJ002_02668	F
GBJ002_02669	E
GBJ002_02670	DH
GBJ002_02698	J
GBJ002_02700	O
GBJ002_02701	P
GBJ002_02702	T
GBJ002_02703	T
GBJ002_02704	T
GBJ002_02705	TK
GBJ002_02710	F
GBJ002_02711	L
GBJ002_02712	J
GBJ002_02713	T
GBJ002_02714	S
GBJ002_02715	J
GBJ002_02716	L
GBJ002_02717	J
GBJ002_02718	J
GBJ002_02719	S
GBJ002_02720	M
GBJ002_02721	D
GBJ002_02722	D
GBJ002_02723	DN
GBJ002_02724	D
GBJ002_02725	J
GBJ002_02726	J
GBJ002_02727	J
GBJ002_02728	R
GBJ002_02729	M
GBJ002_02730	J
GBJ002_02731	J
GBJ002_02733	L
GBJ002_02734	J
GBJ002_02735	L
GBJ002_02736	L
GBJ002_02737	L
GBJ002_02744	T
GBJ002_02746	H
GBJ002_02747	H
GBJ002_02748	J
GBJ002_02751	F
GBJ002_02752	F
GBJ002_02753	HR
GBJ002_02754	J
GBJ002_02757	L
GBJ002_02758	K
GBJ002_02759	L
GBJ002_02761	DT
GBJ002_02767	DK
GBJ002_02768	E
GBJ002_02769	F
GBJ002_02770	L
GBJ002_02771	T
GBJ002_02772	L
GBJ002_02773	J
GBJ002_02774	L
GBJ002_02775	J
GBJ002_02776	DK
GBJ002_02777	J
GBJ002_02778	N
GBJ002_02779	J
GBJ002_02780	J
GBJ002_02781	DO
GBJ002_02782	S
GBJ002_02783	D
GBJ002_02784	I
GBJ002_02785	F
GBJ002_02786	V
GBJ002_02787	D
GBJ002_02788	M
GBJ002_02789	F
GBJ002_02790	J
GBJ002_02791	DT
GBJ002_02792	LK
GBJ002_02793	DK
GBJ002_02794	D
GBJ002_02795	R
GBJ002_02796	J
GBJ002_02797	D
GBJ002_02798	D
GBJ002_02799	D
GBJ002_02800	R
GBJ002_02803	D
GBJ002_02804	J
GBJ002_02805	F
GBJ002_02806	O
GBJ002_02807	H
GBJ002_02808	O
GBJ002_02809	E
GBJ002_02810	EH
GBJ002_02811	EH
GBJ002_02812	EH
GBJ002_02813	H
GBJ002_02814	H
GBJ002_02815	H
GBJ002_02816	K
GBJ002_02817	J
GBJ002_02818	J
GBJ002_02822	K
GBJ002_02823	O
GBJ002_02824	O
GBJ002_02825	O
GBJ002_02826	L
GBJ002_02827	T
GBJ002_02829	I
GBJ002_02830	I
GBJ002_02831	J
GBJ002_02832	E
GBJ002_02833	J
GBJ002_02834	J
GBJ002_02835	J
GBJ002_02836	J
GBJ002_02837	K
GBJ002_02838	U
GBJ002_02839	K
GBJ002_02840	J
GBJ002_02841	J
GBJ002_02842	J
GBJ002_02843	J
GBJ002_02844	J
GBJ002_02845	K
GBJ002_02847	J
GBJ002_02848	J
GBJ002_02849	J
GBJ002_02850	J
GBJ002_02851	J
GBJ002_02852	J
GBJ002_02853	J
GBJ002_02854	J
GBJ002_02855	J
GBJ002_02856	J
GBJ002_02857	J
GBJ002_02858	J
GBJ002_02859	J
GBJ002_02860	J
GBJ002_02861	J
GBJ002_02862	J
GBJ002_02863	J
GBJ002_02864	J
GBJ002_02865	J
GBJ002_02866	J
GBJ002_02867	J
GBJ002_02868	J
GBJ002_02869	J
GBJ002_02870	J
GBJ002_02871	J
GBJ002_02872	J
GBJ002_02873	U
GBJ002_02874	F
GBJ002_02875	J
GBJ002_02876	J
GBJ002_02877	J
GBJ002_02878	J
GBJ002_02880	K
GBJ002_02881	J
GBJ002_02882	PR
GBJ002_02883	PR
GBJ002_02884	H
GBJ002_02886	J
GBJ002_02887	J
GBJ002_02888	DK
GBJ002_02889	M
GBJ002_02890	D
GBJ002_02891	D
GBJ002_02892	DT
GBJ002_02893	GM
GBJ002_02907	G
GBJ002_02908	E
GBJ002_02909	T
GBJ002_02910	T
GBJ002_02911	G
GBJ002_02912	M
GBJ002_02913	E
GBJ002_02916	I
GBJ002_02917	E
GBJ002_02919	P
GBJ002_02920	CR
GBJ002_02922	C
GBJ002_02925	G
GBJ002_02929	EP
GBJ002_02930	EP
GBJ002_02931	EP
GBJ002_02932	EP
GBJ002_02933	E
GBJ002_02936	E
GBJ002_02937	E
GBJ002_02938	Q
GBJ002_02939	E
GBJ002_02941	G
GBJ002_02942	P
GBJ002_02943	P
GBJ002_02944	P
GBJ002_02946	K
GBJ002_02947	GER
GBJ002_02950	I
GBJ002_02952	K
GBJ002_02954	S
GBJ002_02955	S
GBJ002_02957	N
GBJ002_02958	R
GBJ002_02960	G
GBJ002_02962	R
GBJ002_02964	E
GBJ002_02965	EP
GBJ002_02966	EP
GBJ002_02967	EP
GBJ002_02968	EP
GBJ002_02969	HR
GBJ002_02974	ER
GBJ002_02975	Q
GBJ002_02976	Q
GBJ002_02977	E
GBJ002_02978	G
GBJ002_02979	MR
GBJ002_02980	M
GBJ002_02981	L
GBJ002_02982	L
GBJ002_02983	O
GBJ002_02984	I
GBJ002_02985	M
GBJ002_02986	M
GBJ002_02987	K
GBJ002_02988	V
GBJ002_02989	K
GBJ002_02990	R
GBJ002_03008	J
GBJ002_03009	J
GBJ002_03010	J
GBJ002_03011	J
GBJ002_03012	R
GBJ002_03013	K
GBJ002_03015	O
GBJ002_03016	O
GBJ002_03017	O
GBJ002_03035	F
GBJ002_03051	F
GBJ002_03052	TK
GBJ002_03053	T
GBJ002_03057	E
GBJ002_03058	O
GBJ002_03067	R
GBJ002_03069	I
GBJ002_03071	JV
GBJ002_03073	TK
GBJ002_03077	GER
GBJ002_03082	F
GBJ002_03083	F
GBJ002_03084	F
GBJ002_03085	F
GBJ002_03086	F
GBJ002_03087	F
GBJ002_03088	F
GBJ002_03089	F
GBJ002_03090	F
GBJ002_03091	F
GBJ002_03092	F
GBJ002_03093	F
GBJ002_03094	S
GBJ002_03095	O
GBJ002_03097	I
GBJ002_03098	L
GBJ002_03099	L
GBJ002_03100	R
GBJ002_03101	P
GBJ002_03102	I
GBJ002_03104	E
GBJ002_03105	E
GBJ002_03106	P
GBJ002_03109	O
GBJ002_03110	K
GBJ002_03111	S
GBJ002_03112	J
GBJ002_03113	J
GBJ002_03114	J
GBJ002_03115	IR
GBJ002_03116	C
GBJ002_03117	E
GBJ002_03118	KT
GBJ002_03119	I
GBJ002_03120	V
GBJ002_03122	E
GBJ002_03123	GM
GBJ002_03126	F
GBJ002_03127	J
GBJ002_03128	J
GBJ002_03130	R
GBJ002_03133	MR
GBJ002_03135	C
GBJ002_03136	R
GBJ002_03139	V
GBJ002_03140	E
GBJ002_03141	E
GBJ002_03142	EG
GBJ002_03145	P
GBJ002_03146	P
GBJ002_03147	P
GBJ002_03148	O
GBJ002_03154	Q
GBJ002_03155	DT
GBJ002_03157	E
GBJ002_03158	F
GBJ002_03159	R
GBJ002_03160	G
GBJ002_03161	C
GBJ002_03162	I
GBJ002_03163	E
GBJ002_03164	ET
GBJ002_03165	E
GBJ002_03166	T
GBJ002_03167	K
GBJ002_03168	E
GBJ002_03169	E
GBJ002_03170	E
GBJ002_03171	E
GBJ002_03172	T
GBJ002_03174	C
GBJ002_03175	G
GBJ002_03176	G
GBJ002_03177	R
GBJ002_03178	S
GBJ002_03179	L
GBJ002_03180	H
GBJ002_03181	H
GBJ002_03182	G
GBJ002_03183	T
GBJ002_03184	Q
GBJ002_03185	H
GBJ002_03186	P
GBJ002_03187	P
GBJ002_03188	P
GBJ002_03190	G
GBJ002_03195	K
GBJ002_03196	G
GBJ002_03197	K
GBJ002_03198	R
GBJ002_03199	T
GBJ002_03201	J
GBJ002_03203	GK
GBJ002_03204	T
GBJ002_03205	T
GBJ002_03206	T
GBJ002_03209	V
GBJ002_03210	P
GBJ002_03211	S
GBJ002_03212	T
GBJ002_03214	S
GBJ002_03215	P
GBJ002_03216	GER
GBJ002_03218	U
GBJ002_03220	M
GBJ002_03221	H
GBJ002_03223	S
GBJ002_03224	P
GBJ002_03225	D
GBJ002_03226	DH
GBJ002_03228	C
GBJ002_03229	GM
GBJ002_03230	L
GBJ002_03231	J
GBJ002_03233	J
GBJ002_03236	I
GBJ002_03237	E
GBJ002_03238	E
GBJ002_03239	S
GBJ002_03240	P
GBJ002_03244	G
GBJ002_03245	V
GBJ002_03249	M
GBJ002_03250	M
GBJ002_03251	M
GBJ002_03252	C
GBJ002_03253	O
GBJ002_03254	M
GBJ002_03256	JO
GBJ002_03257	Q
GBJ002_03258	R
GBJ002_03259	O
GBJ002_03262	D
GBJ002_03264	R
GBJ002_03265	L
GBJ002_03267	D
GBJ002_03269	S
GBJ002_03270	V
GBJ002_03271	S
GBJ002_03272	E
GBJ002_03273	H
GBJ002_03274	R
GBJ002_03275	R
GBJ002_03276	R
GBJ002_03278	O
GBJ002_03279	P
GBJ002_03280	J
GBJ002_03281	U
GBJ002_03301	KJ
GBJ002_03302	F
GBJ002_03303	M
GBJ002_03304	O
GBJ002_03306	J
GBJ002_03307	D
GBJ002_03308	J
GBJ002_03309	T
GBJ002_03311	T
GBJ002_03314	M
GBJ002_03315	S
GBJ002_03317	R
GBJ002_03318	T
GBJ002_03319	T
GBJ002_03320	KT
GBJ002_03321	C
GBJ002_03323	P
GBJ002_03324	T
GBJ002_03326	K
GBJ002_03327	G
GBJ002_03328	G
GBJ002_03329	G
GBJ002_03330	G
GBJ002_03331	T
GBJ002_03332	TK
GBJ002_03333	T
GBJ002_03335	R
GBJ002_03336	T
GBJ002_03337	T
GBJ002_03339	C
GBJ002_03340	C
GBJ002_03342	GER
GBJ002_03344	KE
GBJ002_03345	JO
GBJ002_03346	T
GBJ002_03347	TK
GBJ002_03351	JO
GBJ002_03352	C
GBJ002_03353	C
GBJ002_03354	C
GBJ002_03355	I
GBJ002_03356	E
GBJ002_03357	E
GBJ002_03358	K
GBJ002_03359	P
GBJ002_03360	H
GBJ002_03361	R
GBJ002_03363	O
GBJ002_03364	S
GBJ002_03367	V
GBJ002_03368	M
GBJ002_03369	F
GBJ002_03370	Q
GBJ002_03371	PT
GBJ002_03372	E
GBJ002_03373	C
GBJ002_03374	K
GBJ002_03375	D
GBJ002_03376	E
GBJ002_03377	P
GBJ002_03378	P
GBJ002_03379	P
GBJ002_03380	PH
GBJ002_03381	HJ
GBJ002_03382	H
GBJ002_03383	M
GBJ002_03384	F
GBJ002_03385	P
GBJ002_03386	R
GBJ002_03387	I
GBJ002_03389	T
GBJ002_03390	E
GBJ002_03391	K
GBJ002_03392	G
GBJ002_03393	G
GBJ002_03397	D
GBJ002_03398	T
GBJ002_03399	E
GBJ002_03400	E
GBJ002_03401	ET
GBJ002_03402	E
GBJ002_03403	E
GBJ002_03404	E
GBJ002_03405	R
GBJ002_03407	K
GBJ002_03409	K
GBJ002_03410	H
GBJ002_03411	T
GBJ002_03412	TK
GBJ002_03416	P
GBJ002_03417	T
GBJ002_03419	G
GBJ002_03420	K
GBJ002_03421	G
GBJ002_03422	K
GBJ002_03423	G
GBJ002_03424	G
GBJ002_03425	G
GBJ002_03426	G
GBJ002_03427	G
GBJ002_03428	G
GBJ002_03429	O
GBJ002_03432	G
GBJ002_03433	ER
GBJ002_03436	R
GBJ002_03437	E
GBJ002_03438	C
GBJ002_03439	V
GBJ002_03441	I
GBJ002_03442	T
GBJ002_03443	S
GBJ002_03446	M
GBJ002_03448	E
GBJ002_03450	E
GBJ002_03451	S
GBJ002_03453	E
GBJ002_03454	F
GBJ002_03455	K
GBJ002_03459	PT
GBJ002_03460	C
GBJ002_03461	C
GBJ002_03462	C
GBJ002_03463	C
GBJ002_03464	E
GBJ002_03465	R
GBJ002_03466	R
GBJ002_03468	E
GBJ002_03469	D
GBJ002_03470	D
GBJ002_03471	D
GBJ002_03472	P
GBJ002_03473	P
GBJ002_03474	P
GBJ002_03475	P
GBJ002_03476	P
GBJ002_03477	P
GBJ002_03478	R
GBJ002_03479	V
GBJ002_03503	T
GBJ002_03506	M
GBJ002_03507	H
GBJ002_03508	P
GBJ002_03509	P
GBJ002_03510	P
GBJ002_03511	H
GBJ002_03512	E
GBJ002_03513	HJ
GBJ002_03514	H
GBJ002_03515	H
GBJ002_03516	H
GBJ002_03521	P
GBJ002_03522	P
GBJ002_03523	P
GBJ002_03524	T
GBJ002_03525	G
GBJ002_03526	K
GBJ002_03527	I
GBJ002_03529	F
GBJ002_03530	I
GBJ002_03531	M
GBJ002_03534	O
GBJ002_03538	D
GBJ002_03539	D
GBJ002_03540	D
GBJ002_03542	C
GBJ002_03543	D
GBJ002_03548	K
GBJ002_03549	P
GBJ002_03550	P
GBJ002_03551	JHO
GBJ002_03553	P
GBJ002_03554	C
GBJ002_03555	P
GBJ002_03557	M
GBJ002_03558	CR
GBJ002_03559	P
GBJ002_03560	G
GBJ002_03561	M
GBJ002_03562	G
GBJ002_03563	G
GBJ002_03564	G
GBJ002_03565	G
GBJ002_03567	M
GBJ002_03568	R
GBJ002_03569	S
GBJ002_03570	V
GBJ002_03571	M
GBJ002_03572	MV
GBJ002_03573	S
GBJ002_03574	EP
GBJ002_03575	EP
GBJ002_03576	E
GBJ002_03577	P
GBJ002_03578	D
GBJ002_03579	D
GBJ002_03582	L
GBJ002_03583	S
GBJ002_03584	M
GBJ002_03588	T
GBJ002_03591	E
GBJ002_03592	P
GBJ002_03594	K
GBJ002_03595	M
GBJ002_03596	G
GBJ002_03597	M
GBJ002_03598	S
GBJ002_03599	R
GBJ002_03601	GER
GBJ002_03602	K
GBJ002_03603	E
GBJ002_03604	R
GBJ002_03605	K
GBJ002_03606	V
GBJ002_03607	V
GBJ002_03608	K
GBJ002_03609	G
GBJ002_03610	K
GBJ002_03611	R
GBJ002_03612	R
GBJ002_03614	V
GBJ002_03615	P
GBJ002_03616	U
GBJ002_03617	E
GBJ002_03618	I
GBJ002_03619	V
GBJ002_03620	V
GBJ002_03621	ET
GBJ002_03622	E
GBJ002_03623	E
GBJ002_03624	D
GBJ002_03626	D
GBJ002_03627	D
GBJ002_03628	S
GBJ002_03629	T
GBJ002_03631	S
GBJ002_03632	EH
GBJ002_03633	Q
GBJ002_03635	L
GBJ002_03636	HR
GBJ002_03638	M
GBJ002_03639	H
GBJ002_03640	I
GBJ002_03642	P
GBJ002_03643	D
GBJ002_03645	M
GBJ002_03646	G
GBJ002_03648	I
GBJ002_03650	R
GBJ002_03652	EG
GBJ002_03653	M
GBJ002_03654	J
GBJ002_03656	E
GBJ002_03657	E
GBJ002_03658	E
GBJ002_03659	EP
GBJ002_03660	EP
GBJ002_03661	EP
GBJ002_03662	EP
GBJ002_03663	O
GBJ002_03664	R
GBJ002_03665	R
GBJ002_03666	R
GBJ002_03695	G
GBJ002_03696	T
GBJ002_03697	KT
GBJ002_03698	C
GBJ002_03710	L
GBJ002_03712	K
GBJ002_03713	P
GBJ002_03716	G
GBJ002_03721	M
GBJ002_03731	E
GBJ002_03739	T
GBJ002_03741	K
GBJ002_03742	I
GBJ002_03744	G
GBJ002_03745	K
GBJ002_03746	V
GBJ002_03747	G
GBJ002_03748	K
GBJ002_03749	G
GBJ002_03762	D
GBJ002_03764	K
GBJ002_03771	R
GBJ002_03773	DT
GBJ002_03774	T
GBJ002_03775	K
GBJ002_03776	P
GBJ002_03777	TK
GBJ002_03778	T
GBJ002_03779	T
GBJ002_03784	S
GBJ002_03786	X
GBJ002_03787	CR
GBJ002_03788	MR
GBJ002_03792	L
GBJ002_03793	S
GBJ002_03794	J
GBJ002_03796	E
GBJ002_03797	Q
GBJ002_03798	Q
GBJ002_03806	G
GBJ002_03808	X
GBJ002_03809	K
GBJ002_03810	G
GBJ002_03811	C
GBJ002_03812	C
GBJ002_03813	K
GBJ002_03814	V
GBJ002_03818	K
GBJ002_03820	L
GBJ002_03821	O
GBJ002_03825	K
GBJ002_03826	R
GBJ002_03827	FR
GBJ002_03828	JV
GBJ002_03829	U
GBJ002_03831	K
GBJ002_03833	S
GBJ002_03834	S
GBJ002_03835	S
GBJ002_03837	K
GBJ002_03838	M
GBJ002_03839	R
GBJ002_03840	I
GBJ002_03841	GER
GBJ002_03842	S
GBJ002_03843	S
GBJ002_03844	H
GBJ002_03845	M
GBJ002_03846	H
GBJ002_03847	H
GBJ002_03848	H
GBJ002_03849	S
GBJ002_03850	R
GBJ002_03853	K
GBJ002_03856	S
GBJ002_03858	JO
GBJ002_03859	K
GBJ002_03861	J
GBJ002_03862	H
GBJ002_03864	I
GBJ002_03876	K
GBJ002_03877	T
GBJ002_03878	R
GBJ002_03879	R
GBJ002_03881	K
GBJ002_03882	K
GBJ002_03884	T
GBJ002_03885	TK
GBJ002_03886	O
GBJ002_03889	O
GBJ002_03890	T
GBJ002_03894	C
GBJ002_03895	C
GBJ002_03898	K
GBJ002_03901	K
GBJ002_03902	S
GBJ002_03904	L
GBJ002_03905	L
GBJ002_03907	D
GBJ002_03908	D
GBJ002_03909	D
GBJ002_03910	D
GBJ002_03911	D
GBJ002_03912	D
GBJ002_03914	Q
GBJ002_03916	E
GBJ002_03919	E
GBJ002_03920	H
GBJ002_03921	P
GBJ002_03922	P
GBJ002_03923	G
GBJ002_03926	R
GBJ002_03937	O
GBJ002_03939	S
GBJ002_03942	HR
GBJ002_03944	O
GBJ002_03947	M
GBJ002_03949	I
GBJ002_03950	IQ
GBJ002_03951	R
GBJ002_03952	D
GBJ002_03953	J
GBJ002_03955	E
GBJ002_03956	EP
GBJ002_03957	EP
GBJ002_03958	EP
GBJ002_03959	EP
GBJ002_03960	V
GBJ002_03961	E
GBJ002_03963	P
GBJ002_03964	P
GBJ002_03966	I
GBJ002_03968	E
GBJ002_03970	O
GBJ002_03971	P
GBJ002_03972	R
GBJ002_03974	FT
GBJ002_03975	H
GBJ002_03976	J
GBJ002_03979	D
GBJ002_03980	M
GBJ002_03981	QR
GBJ002_03985	M
GBJ002_03986	H
GBJ002_03989	M
GBJ002_03991	M
GBJ002_03992	M
GBJ002_03993	I
GBJ002_03995	D
GBJ002_03998	D
GBJ002_03999	L
GBJ002_04000	R
GBJ002_04001	J
GBJ002_04003	GER
GBJ002_04005	R
GBJ002_04006	E
GBJ002_04007	EH
GBJ002_04008	EH
GBJ002_04009	E
GBJ002_04010	E
GBJ002_04011	E
GBJ002_04012	E
GBJ002_04013	E
GBJ002_04015	C
GBJ002_04016	S
GBJ002_04019	S
GBJ002_04021	I
GBJ002_04022	R
GBJ002_04025	J
GBJ002_04027	C
GBJ002_04028	C
GBJ002_04029	K
GBJ002_04034	R
GBJ002_04035	CP
GBJ002_04043	M
GBJ002_04044	U
GBJ002_04045	D
GBJ002_04047	D
GBJ002_04048	K
GBJ002_04050	O
GBJ002_04051	I
GBJ002_04052	E
GBJ002_04053	E
GBJ002_04054	E
GBJ002_04055	E
GBJ002_04056	I
GBJ002_04057	R
GBJ002_04059	J
GBJ002_04061	DR
GBJ002_04062	C
GBJ002_04063	C
GBJ002_04064	KT
GBJ002_04065	R
GBJ002_04066	TK
GBJ002_04067	T
GBJ002_04068	K
GBJ002_04069	C
GBJ002_04070	C
GBJ002_04071	C
GBJ002_04072	NU
GBJ002_04074	P
GBJ002_04075	P
GBJ002_04076	P
GBJ002_04077	D
GBJ002_04078	I
GBJ002_04080	K
GBJ002_04082	I
GBJ002_04083	I
GBJ002_04084	E
GBJ002_04085	P
GBJ002_04088	GH
GBJ002_04089	E
GBJ002_04090	P
GBJ002_04091	G
GBJ002_04092	EF
GBJ002_04093	E
GBJ002_04094	KG
GBJ002_04096	P
GBJ002_04097	EG
GBJ002_04098	PT
GBJ002_04099	G
GBJ002_04100	DT
GBJ002_04101	DT
GBJ002_04102	K
GBJ002_04103	E
GBJ002_04106	DT
GBJ002_04107	J
GBJ002_04108	H
GBJ002_04109	H
GBJ002_04110	J
GBJ002_04111	S
GBJ002_04114	G
GBJ002_04115	J
GBJ002_04118	F
GBJ002_04119	F
GBJ002_04120	F
GBJ002_04121	K
GBJ002_04122	JV
GBJ002_04124	JV
GBJ002_04125	O
GBJ002_04126	O
GBJ002_04128	K
GBJ002_04129	P
GBJ002_04130	HR
GBJ002_04132	M
GBJ002_04133	R
GBJ002_04134	M
GBJ002_04136	M
GBJ002_04137	Q
GBJ002_04139	R
GBJ002_04141	C
GBJ002_04144	R
GBJ002_04148	V
GBJ002_04149	I
GBJ002_04152	K
GBJ002_04154	C
GBJ002_04155	P
GBJ002_04156	D
GBJ002_04157	S
GBJ002_04163	EH
GBJ002_04164	EH
GBJ002_04165	E
GBJ002_04166	EH
GBJ002_04167	E
GBJ002_04168	CE
GBJ002_04169	E
GBJ002_04170	E
GBJ002_04171	E
GBJ002_04172	E
GBJ002_04173	E
GBJ002_04174	E
GBJ002_04175	E
GBJ002_04176	E
GBJ002_04177	E
GBJ002_04178	E
GBJ002_04179	E
GBJ002_04180	ER
GBJ002_04181	S
GBJ002_04182	CHR
GBJ002_04183	I
GBJ002_04184	M
GBJ002_04186	E
GBJ002_04187	S
GBJ002_04188	EH
GBJ002_04189	P
GBJ002_04190	P
GBJ002_04191	P
GBJ002_04193	H
GBJ002_04195	H
GBJ002_04196	R
GBJ002_04198	D
GBJ002_04199	C
GBJ002_04200	R
GBJ002_04201	C
GBJ002_04203	TV
GBJ002_04204	T
GBJ002_04205	T
GBJ002_04206	TK
GBJ002_04208	E
GBJ002_04210	HJ
GBJ002_04213	O
GBJ002_04215	C
GBJ002_04216	T
GBJ002_04218	P
GBJ002_04219	P
GBJ002_04220	P
GBJ002_04221	M
GBJ002_04224	DT
GBJ002_04225	R
GBJ002_04227	L
GBJ002_04228	T
GBJ002_04229	F
GBJ002_04231	I
GBJ002_04234	P
GBJ002_04235	M
GBJ002_04236	R
GBJ002_04237	S
GBJ002_04238	J
GBJ002_04239	O
GBJ002_04240	CO
GBJ002_04241	O
GBJ002_04242	TK
GBJ002_04243	T
GBJ002_04244	H
GBJ002_04245	D
GBJ002_04247	H
GBJ002_04248	C
GBJ002_04249	S
GBJ002_04250	L
GBJ002_04252	M
GBJ002_04254	K
GBJ002_04255	KTN
GBJ002_04256	E
GBJ002_04259	M
GBJ002_04260	O
GBJ002_04261	JE
GBJ002_04263	F
GBJ002_04264	J
GBJ002_04265	CIR
GBJ002_04270	J
GBJ002_04271	C
GBJ002_04272	D
GBJ002_04275	D
GBJ002_04276	B
GBJ002_04277	H
GBJ002_04279	HJ
GBJ002_04280	H
GBJ002_04281	F
GBJ002_04282	E
GBJ002_04283	E
GBJ002_04284	E
GBJ002_04285	MO
GBJ002_04286	S
GBJ002_04288	C
GBJ002_04289	C
GBJ002_04290	C
GBJ002_04291	S
GBJ002_04292	S
GBJ002_04294	O
GBJ002_04295	L
GBJ002_04296	S
GBJ002_04298	E
GBJ002_04299	G
GBJ002_04300	G
GBJ002_04301	M
GBJ002_04302	J
GBJ002_04303	K
GBJ002_04304	C
GBJ002_04305	H
GBJ002_04306	H
GBJ002_04307	H
GBJ002_04308	L
GBJ002_04310	S
GBJ002_04311	E
GBJ002_04313	L
GBJ002_04315	M
GBJ002_04316	R
GBJ002_04323	D
GBJ002_04324	X
GBJ002_04325	D
GBJ002_04327	J
GBJ002_04329	L
GBJ002_04330	O
GBJ002_04331	JO
GBJ002_04332	R
GBJ002_04333	J
GBJ002_04334	F
GBJ002_04335	F
GBJ002_04337	J
GBJ002_04339	J
GBJ002_04341	P
GBJ002_04346	E
GBJ002_04347	S
GBJ002_04348	P
GBJ002_04349	L
GBJ002_04351	M
GBJ002_04352	M
GBJ002_04353	D
GBJ002_04354	M
GBJ002_04355	M
GBJ002_04356	M
GBJ002_04357	M
GBJ002_04358	M
GBJ002_04362	HR
GBJ002_04364	GER
GBJ002_04365	L
GBJ002_04366	G
GBJ002_04367	FJ
GBJ002_04368	L
GBJ002_04370	D
GBJ002_04371	K
GBJ002_04372	S
GBJ002_04373	E
GBJ002_04376	S
GBJ002_04377	C
GBJ002_04378	H
GBJ002_04380	P
GBJ002_04381	J
GBJ002_04382	J
GBJ002_04383	T
GBJ002_04384	V
GBJ002_04385	S
GBJ002_04386	M
GBJ002_04388	C
GBJ002_04392	DT
GBJ002_04393	T
GBJ002_04394	FR
GBJ002_04395	N
GBJ002_04396	N
GBJ002_04399	NU
GBJ002_04402	T
GBJ002_04404	S
GBJ002_04406	N
GBJ002_04407	N
GBJ002_04409	NU
GBJ002_04412	N
GBJ002_04413	N
GBJ002_04414	NU
GBJ002_04415	N
GBJ002_04417	NU
GBJ002_04424	T
GBJ002_04431	MU
GBJ002_04432	NU
GBJ002_04433	N
GBJ002_04434	NU
GBJ002_04436	N
GBJ002_04437	N
GBJ002_04438	N
GBJ002_04439	N
GBJ002_04440	N
GBJ002_04441	N
GBJ002_04442	N
GBJ002_04444	J
GBJ002_04445	K
GBJ002_04446	E
GBJ002_04447	E
GBJ002_04449	Q
GBJ002_04452	D
GBJ002_04453	K
GBJ002_04454	G
GBJ002_04456	K
GBJ002_04457	E
GBJ002_04458	GH
GBJ002_04459	P
GBJ002_04460	J
GBJ002_04466	G
GBJ002_04468	HR
GBJ002_04470	K
GBJ002_04472	E
GBJ002_04473	K
GBJ002_04476	P
GBJ002_04479	R
GBJ002_04480	S
GBJ002_04483	C
GBJ002_04484	K
GBJ002_04485	R
GBJ002_04486	C
GBJ002_04489	S
GBJ002_04490	V
GBJ002_04491	E
GBJ002_04493	K
GBJ002_04494	O
GBJ002_04495	CO
GBJ002_04496	O
GBJ002_04502	E
GBJ002_04503	S
GBJ002_04507	K
GBJ002_04508	TK
GBJ002_04509	T
GBJ002_04510	JV
GBJ002_04511	V
GBJ002_04512	V
GBJ002_04513	I
GBJ002_04514	F
GBJ002_04515	C
GBJ002_04516	E
GBJ002_04517	C
GBJ002_04518	T
GBJ002_04519	T
GBJ002_04520	KL
GBJ002_04522	E
GBJ002_04524	E
GBJ002_04528	F
GBJ002_04531	C
GBJ002_04532	K
GBJ002_04533	G
GBJ002_04535	I
GBJ002_04536	J
GBJ002_04537	G
GBJ002_04538	E
GBJ002_04539	R
GBJ002_04542	R
GBJ002_04545	S
GBJ002_04547	DZ
GBJ002_04549	O
GBJ002_04550	I
GBJ002_04551	EH
GBJ002_04552	EH
GBJ002_04553	E
GBJ002_04554	EH
GBJ002_04555	EG
GBJ002_04556	E
GBJ002_04558	M
GBJ002_04559	S
GBJ002_04561	G
GBJ002_04562	Q
GBJ002_04563	I
GBJ002_04565	T
GBJ002_04566	C
GBJ002_04569	FR
GBJ002_04570	E
GBJ002_04571	JO
GBJ002_04572	TK
GBJ002_04573	T
GBJ002_04574	M
GBJ002_04575	P
GBJ002_04576	J
GBJ002_04579	H
GBJ002_04581	E
GBJ002_04585	E
GBJ002_04586	R
GBJ002_04587	K
GBJ002_04588	J
GBJ002_04589	S
GBJ002_04591	K
GBJ002_04592	K
GBJ002_04593	F
GBJ002_04594	F
GBJ002_04595	F
GBJ002_04596	F
GBJ002_04606	E
GBJ002_04607	U
GBJ002_04608	DPM
GBJ002_04611	L
GBJ002_04614	C
GBJ002_04615	E
GBJ002_04616	ER
GBJ002_04617	P
GBJ002_04618	S
GBJ002_04619	GER
GBJ002_04620	K
GBJ002_04621	K
GBJ002_04622	O
GBJ002_04623	R
GBJ002_04625	J
GBJ002_04626	R
GBJ002_04627	C
GBJ002_04628	E
GBJ002_04629	R
GBJ002_04630	E
GBJ002_04631	E
GBJ002_04632	E
GBJ002_04633	E
GBJ002_04634	E
GBJ002_04637	Q
GBJ002_04638	Q
GBJ002_04640	K
GBJ002_04641	HR
GBJ002_04642	C
GBJ002_04643	C
GBJ002_04644	CO
GBJ002_04647	HJ
GBJ002_04648	M
GBJ002_04649	R
GBJ002_04654	M
GBJ002_04655	M
GBJ002_04656	R
GBJ002_04659	HR
GBJ002_04660	V
GBJ002_04661	TK
GBJ002_04662	T
GBJ002_04663	R
GBJ002_04667	GM
GBJ002_04670	R
GBJ002_04671	E
GBJ002_04672	E
GBJ002_04673	E
GBJ002_04676	M
GBJ002_04677	GM
GBJ002_04679	P
GBJ002_04681	P
GBJ002_04682	P
GBJ002_04683	I
GBJ002_04686	G
GBJ002_04687	D
GBJ002_04688	G
GBJ002_04689	E
GBJ002_04692	R
GBJ002_04694	S
GBJ002_04695	D
GBJ002_04696	F
GBJ002_04697	H
GBJ002_04700	DK
GBJ002_04701	O
GBJ002_04702	K
GBJ002_04703	HR
GBJ002_04708	J
GBJ002_04709	T
GBJ002_04712	S
GBJ002_04713	B
GBJ002_04715	R
GBJ002_04716	HR
GBJ002_04718	E
GBJ002_04719	JO
GBJ002_04720	R
GBJ002_04721	R
GBJ002_04722	JO
GBJ002_04723	P
GBJ002_04725	R
GBJ002_04726	C
GBJ002_04727	L
GBJ002_04729	E
GBJ002_04730	Q
GBJ002_04732	G
GBJ002_04734	M
GBJ002_04735	F
GBJ002_04736	M
GBJ002_04737	D
GBJ002_04738	P
GBJ002_04739	S
GBJ002_04740	S
GBJ002_04741	I
GBJ002_04743	I
GBJ002_04746	R
GBJ002_04747	S
GBJ002_04748	PT
GBJ002_04752	PT
GBJ002_04753	E
GBJ002_04754	J
GBJ002_04757	D
GBJ002_04759	M
GBJ002_04760	F
GBJ002_04761	J
GBJ002_04763	O
GBJ002_04764	O
GBJ002_04765	D
GBJ002_04766	G
GBJ002_04767	HR
GBJ002_04771	M
GBJ002_04774	R
GBJ002_04775	G
GBJ002_04776	S
GBJ002_04777	KE
GBJ002_04779	T
GBJ002_04783	E
GBJ002_04786	J
GBJ002_04787	V
GBJ002_04790	U
GBJ002_04791	U
GBJ002_04792	D
GBJ002_04796	S
GBJ002_04817	S
GBJ002_04821	D
GBJ002_04822	HJ
GBJ002_04825	L
GBJ002_04829	CR
GBJ002_04830	K
GBJ002_04832	HT
GBJ002_04834	R
GBJ002_04836	VI
GBJ002_04837	O
GBJ002_04838	R
GBJ002_04839	R
GBJ002_04840	CP
GBJ002_04841	CP
GBJ002_04842	CPO
GBJ002_04843	CP
GBJ002_04844	T
GBJ002_04845	H
GBJ002_04846	H
GBJ002_04847	H
GBJ002_04848	H
GBJ002_04849	H
GBJ002_04850	P
GBJ002_04851	R
GBJ002_04854	H
GBJ002_04855	H
GBJ002_04856	PQ
GBJ002_04857	C
GBJ002_04858	O
GBJ002_04862	Q
GBJ002_04863	I
GBJ002_04865	S
GBJ002_04872	JR
GBJ002_04873	R
GBJ002_04874	S
GBJ002_04876	L
GBJ002_04878	R
GBJ002_04879	R
GBJ002_04882	J
GBJ002_04883	S
GBJ002_04886	NW
GBJ002_04887	J
GBJ002_04888	O
GBJ002_04890	J
GBJ002_04891	R
GBJ002_04892	HR
GBJ002_04893	R
GBJ002_04896	G
GBJ002_04897	C
GBJ002_04898	M
GBJ002_04899	J
GBJ002_04900	E
GBJ002_04901	K
GBJ002_04902	E
GBJ002_04903	J
GBJ002_04904	JV
GBJ002_04907	C
GBJ002_04908	Q
GBJ002_04909	R
GBJ002_04910	V
GBJ002_04911	F
GBJ002_04912	H
GBJ002_04913	DM
GBJ002_04914	C
GBJ002_04915	I
GBJ002_04916	U
GBJ002_04917	U
GBJ002_04918	U
GBJ002_04920	I
GBJ002_04921	G
GBJ002_04922	O
GBJ002_04923	O
GBJ002_04924	E
GBJ002_04927	M
GBJ002_04929	EH
GBJ002_04930	C
GBJ002_04932	HR
GBJ002_04934	M
GBJ002_04935	T
GBJ002_04936	TK
GBJ002_04937	K
GBJ002_04938	R
GBJ002_04939	G
GBJ002_04940	EP
GBJ002_04941	EP
GBJ002_04943	G
GBJ002_04944	G
GBJ002_04945	G
GBJ002_04947	M
GBJ002_04951	M
GBJ002_04952	E
GBJ002_04953	M
GBJ002_04954	E
GBJ002_04960	PT
GBJ002_04961	I
GBJ002_04962	S
GBJ002_04963	DT
GBJ002_04965	H
GBJ002_04966	I
GBJ002_04967	I
GBJ002_04968	E
GBJ002_04969	R
GBJ002_04970	KT
GBJ002_04971	E
GBJ002_04973	S
GBJ002_04978	T
GBJ002_04979	D
GBJ002_04980	I
GBJ002_04981	P
GBJ002_04982	O
GBJ002_04989	M
GBJ002_04990	O
GBJ002_04995	D
GBJ002_04997	I
GBJ002_04999	C
GBJ002_05003	G
GBJ002_05004	S
GBJ002_05005	C
GBJ002_05006	G
GBJ002_05007	G
GBJ002_05008	I
GBJ002_05009	I
GBJ002_05010	I
GBJ002_05011	E
GBJ002_05012	I
GBJ002_05015	L
GBJ002_05016	L
GBJ002_05018	K
GBJ002_05020	P
GBJ002_05021	I
GBJ002_05022	HQ
GBJ002_05023	Q
GBJ002_05024	IQ
GBJ002_05025	Q
GBJ002_05026	Q
GBJ002_05027	G
GBJ002_05028	H
GBJ002_05030	B
GBJ002_05032	Q
GBJ002_05033	O
GBJ002_05034	E
GBJ002_05038	J
GBJ002_05039	J
GBJ002_05040	M
GBJ002_05042	P
GBJ002_05043	R
