ID	EC
GBJ002_00002	2.3.2.-
GBJ002_00003	5.6.2.4
GBJ002_00009	3.5.1.28
GBJ002_00012	3.4.24.-
GBJ002_00013	3.6.1.1
GBJ002_00014	1.14.99.53
GBJ002_00015	2.3.1.-
GBJ002_00020	4.3.3.7
GBJ002_00022	5.1.1.4
GBJ002_00037	3.4.14.13
GBJ002_00038	5.1.1.20
GBJ002_00038	5.1.1.25
GBJ002_00041	1.1.1.-
GBJ002_00048	3.4.14.11
GBJ002_00049	5.2.1.8
GBJ002_00054	3.2.2.9
GBJ002_00055	2.4.1.187
GBJ002_00056	3.4.24.-
GBJ002_00084	2.6.1.83
GBJ002_00085	4.2.1.59
GBJ002_00086	2.7.1.33
GBJ002_00096	1.14.14.5
GBJ002_00099	7.6.2.14
GBJ002_00104	2.3.1.81
GBJ002_00116	3.5.1.104
GBJ002_00121	2.7.8.20
GBJ002_00126	2.5.1.19
GBJ002_00127	1.3.1.12
GBJ002_00128	2.6.1.9
GBJ002_00129	4.2.3.5
GBJ002_00130	2.5.1.54
GBJ002_00130	5.4.99.5
GBJ002_00133	2.3.1.82
GBJ002_00134	2.3.1.82
GBJ002_00143	1.1.5.4
GBJ002_00144	7.6.2.-
GBJ002_00149	2.7.1.189
GBJ002_00151	2.3.1.245
GBJ002_00154	1.14.99.48
GBJ002_00158	1.2.1.41
GBJ002_00159	2.7.2.11
GBJ002_00160	1.5.1.2
GBJ002_00167	1.14.19.23
GBJ002_00167	1.14.19.45
GBJ002_00170	3.1.3.1
GBJ002_00188	1.11.1.6
GBJ002_00190	3.5.4.2
GBJ002_00246	3.4.21.89
GBJ002_00248	2.3.1.286
GBJ002_00249	3.4.19.3
GBJ002_00252	3.5.2.9
GBJ002_00254	3.5.2.9
GBJ002_00256	3.4.21.89
GBJ002_00271	2.7.9.2
GBJ002_00277	1.11.1.6
GBJ002_00278	4.3.1.1
GBJ002_00293	1.5.1.2
GBJ002_00298	2.7.13.3
GBJ002_00299	3.5.1.2
GBJ002_00326	1.6.5.9
GBJ002_00330	2.5.1.74
GBJ002_00336	1.20.4.4
GBJ002_00352	6.4.1.2
GBJ002_00370	3.1.1.-
GBJ002_00378	3.5.2.6
GBJ002_00381	1.14.14.1
GBJ002_00381	1.6.2.4
GBJ002_00384	4.4.1.15
GBJ002_00409	2.6.1.52
GBJ002_00414	3.5.1.11
GBJ002_00464	7.-.-.-
GBJ002_00468	4.1.3.17
GBJ002_00472	3.2.2.16
GBJ002_00472	3.2.2.9
GBJ002_00473	3.1.1.-
GBJ002_00474	6.1.1.21
GBJ002_00480	2.7.1.40
GBJ002_00491	3.1.3.5
GBJ002_00500	2.3.1.79
GBJ002_00505	6.1.1.2
GBJ002_00506	1.1.1.267
GBJ002_00529	2.7.1.12
GBJ002_00530	2.2.1.2
GBJ002_00531	1.1.1.343
GBJ002_00531	1.1.1.44
GBJ002_00532	2.2.1.1
GBJ002_00533	1.1.1.363
GBJ002_00533	1.1.1.49
GBJ002_00554	5.3.3.17
GBJ002_00573	1.7.99.1
GBJ002_00575	3.5.2.6
GBJ002_00587	3.1.1.81
GBJ002_00595	3.5.1.-
GBJ002_00613	3.2.1.1
GBJ002_00615	3.4.24.-
GBJ002_00616	3.5.3.12
GBJ002_00627	3.1.4.46
GBJ002_00631	2.7.7.108
GBJ002_00636	1.1.2.4
GBJ002_00645	2.5.1.97
GBJ002_00646	2.3.1.202
GBJ002_00647	3.6.1.57
GBJ002_00649	2.6.1.92
GBJ002_00651	4.2.1.115
GBJ002_00651	5.1.3.-
GBJ002_00666	4.2.1.45
GBJ002_00707	1.1.1.320
GBJ002_00709	4.3.2.1
GBJ002_00711	3.2.2.1
GBJ002_00714	1.2.1.3
GBJ002_00715	1.1.1.100
GBJ002_00717	4.2.1.137
GBJ002_00725	2.8.1.12
GBJ002_00729	4.1.99.22
GBJ002_00733	1.17.1.9
GBJ002_00750	2.7.8.-
GBJ002_00759	5.6.2.2
GBJ002_00760	5.6.2.2
GBJ002_00765	1.1.98.6
GBJ002_00766	2.3.1.15
GBJ002_00766	2.3.1.275
GBJ002_00768	3.1.2.-
GBJ002_00769	3.2.1.-
GBJ002_00776	4.2.1.3
GBJ002_00776	4.2.1.99
GBJ002_00778	3.5.1.104
GBJ002_00800	2.7.13.3
GBJ002_00809	3.5.3.8
GBJ002_00810	3.5.2.7
GBJ002_00811	4.2.1.49
GBJ002_00812	4.3.1.3
GBJ002_00822	3.5.1.-
GBJ002_00842	2.2.1.1
GBJ002_00843	7.3.2.2
GBJ002_00844	7.3.2.2
GBJ002_00845	7.3.2.2
GBJ002_00850	3.4.21.88
GBJ002_00863	3.4.21.88
GBJ002_00864	6.3.1.2
GBJ002_00874	2.5.1.75
GBJ002_00878	2.7.1.56
GBJ002_00880	1.1.1.-
GBJ002_00891	7.2.2.8
GBJ002_00902	3.1.11.2
GBJ002_00903	2.1.1.-
GBJ002_00906	3.4.11.4
GBJ002_00912	2.4.1.227
GBJ002_00914	1.1.1.-
GBJ002_00915	4.2.1.115
GBJ002_00915	5.1.3.-
GBJ002_00923	4.6.1.13
GBJ002_00934	2.8.4.3
GBJ002_00936	1.2.7.11
GBJ002_00936	1.2.7.3
GBJ002_00937	3.4.13.19
GBJ002_00939	3.1.4.16
GBJ002_00940	3.1.-.-
GBJ002_00942	3.5.1.42
GBJ002_00943	2.7.8.5
GBJ002_00959	4.3.3.7
GBJ002_00960	2.7.2.4
GBJ002_00961	1.2.1.11
GBJ002_00962	3.1.-.-
GBJ002_00997	5.6.2.3
GBJ002_01014	3.4.24.-
GBJ002_01016	2.7.7.8
GBJ002_01018	2.7.1.26
GBJ002_01018	2.7.7.2
GBJ002_01019	5.4.99.25
GBJ002_01027	2.7.7.7
GBJ002_01028	6.1.1.15
GBJ002_01030	1.1.1.267
GBJ002_01031	2.7.7.41
GBJ002_01032	2.5.1.-
GBJ002_01034	2.7.4.22
GBJ002_01038	3.4.25.2
GBJ002_01039	3.4.25.2
GBJ002_01041	2.1.1.74
GBJ002_01042	5.6.2.1
GBJ002_01044	6.2.1.5
GBJ002_01045	6.2.1.5
GBJ002_01046	3.1.26.4
GBJ002_01048	3.4.21.89
GBJ002_01050	2.1.1.228
GBJ002_01054	3.6.5.4
GBJ002_01058	3.1.26.3
GBJ002_01060	1.1.1.100
GBJ002_01061	2.3.1.39
GBJ002_01062	2.3.1.274
GBJ002_01064	3.6.4.12
GBJ002_01069	2.7.6.2
GBJ002_01070	5.1.3.1
GBJ002_01071	3.6.1.-
GBJ002_01072	2.7.11.1
GBJ002_01073	3.1.3.16
GBJ002_01074	2.1.1.192
GBJ002_01075	2.1.1.176
GBJ002_01076	2.1.2.9
GBJ002_01077	3.5.1.88
GBJ002_01078	3.6.1.-
GBJ002_01078	5.6.2.4
GBJ002_01079	4.1.1.36
GBJ002_01079	6.3.2.5
GBJ002_01080	2.7.7.6
GBJ002_01081	2.7.4.8
GBJ002_01084	7.2.2.10
GBJ002_01086	3.4.11.9
GBJ002_01092	2.4.2.10
GBJ002_01093	4.1.1.23
GBJ002_01094	1.3.1.14
GBJ002_01096	6.3.4.16
GBJ002_01096	6.3.5.5
GBJ002_01097	6.3.5.5
GBJ002_01098	3.5.2.3
GBJ002_01099	2.1.3.2
GBJ002_01101	2.4.2.9
GBJ002_01102	5.4.99.23
GBJ002_01103	3.4.23.36
GBJ002_01105	6.1.1.5
GBJ002_01111	2.4.2.1
GBJ002_01111	2.4.2.28
GBJ002_01111	3.5.4.4
GBJ002_01115	3.4.23.-
GBJ002_01119	1.3.1.98
GBJ002_01120	2.4.1.227
GBJ002_01122	6.3.2.9
GBJ002_01123	2.7.8.13
GBJ002_01124	6.3.2.13
GBJ002_01128	2.1.1.199
GBJ002_01129	6.-.-.-
GBJ002_01130	1.1.1.169
GBJ002_01131	2.3.1.-
GBJ002_01135	6.3.4.-
GBJ002_01136	3.4.21.-
GBJ002_01139	2.7.7.3
GBJ002_01140	2.1.1.171
GBJ002_01150	3.5.1.49
GBJ002_01152	7.1.1.9
GBJ002_01153	7.1.1.9
GBJ002_01154	7.1.1.9
GBJ002_01155	7.1.1.9
GBJ002_01156	2.5.1.-
GBJ002_01156	2.5.1.141
GBJ002_01157	1.17.99.9
GBJ002_01158	6.4.1.1
GBJ002_01169	3.1.3.25
GBJ002_01173	4.1.1.19
GBJ002_01174	2.3.2.13
GBJ002_01183	1.8.1.4
GBJ002_01184	2.3.1.12
GBJ002_01185	1.2.4.1
GBJ002_01186	1.2.4.1
GBJ002_01188	3.5.1.88
GBJ002_01189	3.1.3.104
GBJ002_01190	2.7.7.6
GBJ002_01194	3.5.1.47
GBJ002_01195	2.3.1.89
GBJ002_01205	1.3.1.34
GBJ002_01208	2.7.4.1
GBJ002_01209	2.7.4.1
GBJ002_01210	3.6.1.11
GBJ002_01210	3.6.1.40
GBJ002_01218	2.1.1.14
GBJ002_01220	3.-.-.-
GBJ002_01222	2.7.13.3
GBJ002_01224	2.6.1.-
GBJ002_01230	3.2.1.10
GBJ002_01249	5.3.1.23
GBJ002_01250	2.7.1.100
GBJ002_01252	2.6.1.117
GBJ002_01253	5.3.2.5
GBJ002_01254	3.1.3.87
GBJ002_01255	4.2.1.109
GBJ002_01267	2.7.1.199
GBJ002_01267	2.7.1.69
GBJ002_01271	3.5.99.6
GBJ002_01272	3.5.1.25
GBJ002_01278	2.3.1.-
GBJ002_01292	2.7.11.1
GBJ002_01294	3.4.16.4
GBJ002_01304	2.4.2.2
GBJ002_01305	2.4.2.1
GBJ002_01306	5.4.2.7
GBJ002_01328	1.1.1.193
GBJ002_01328	3.5.4.26
GBJ002_01329	2.5.1.9
GBJ002_01330	3.5.4.25
GBJ002_01330	4.1.99.12
GBJ002_01331	2.5.1.78
GBJ002_01333	2.8.1.6
GBJ002_01334	2.1.1.197
GBJ002_01336	2.3.1.47
GBJ002_01337	6.3.3.3
GBJ002_01338	2.6.1.62
GBJ002_01346	2.1.3.3
GBJ002_01347	2.6.1.11
GBJ002_01348	2.7.2.8
GBJ002_01349	2.3.1.1
GBJ002_01349	2.3.1.35
GBJ002_01350	1.2.1.38
GBJ002_01354	1.5.1.2
GBJ002_01355	4.3.1.17
GBJ002_01356	4.3.1.17
GBJ002_01358	3.1.26.11
GBJ002_01361	7.2.2.14
GBJ002_01363	2.7.7.7
GBJ002_01365	3.4.11.4
GBJ002_01379	1.2.4.4
GBJ002_01380	1.2.4.4
GBJ002_01381	1.8.1.4
GBJ002_01382	2.7.2.7
GBJ002_01383	1.4.1.9
GBJ002_01384	2.3.1.19
GBJ002_01387	3.1.4.46
GBJ002_01406	3.4.21.116
GBJ002_01410	2.2.1.7
GBJ002_01411	2.5.1.10
GBJ002_01412	3.1.11.6
GBJ002_01413	3.1.11.6
GBJ002_01414	1.5.1.5
GBJ002_01414	3.5.4.9
GBJ002_01417	6.3.4.14
GBJ002_01418	6.4.1.2
GBJ002_01431	3.4.13.9
GBJ002_01432	4.2.1.10
GBJ002_01438	4.1.99.14
GBJ002_01442	2.3.1.181
GBJ002_01453	1.4.4.2
GBJ002_01454	1.4.4.2
GBJ002_01455	2.1.2.10
GBJ002_01456	5.6.2.-
GBJ002_01462	2.7.1.71
GBJ002_01480	2.4.1.227
GBJ002_01481	2.1.1.13
GBJ002_01482	1.5.1.20
GBJ002_01482	2.1.1.10
GBJ002_01484	4.4.1.13
GBJ002_01490	2.7.1.2
GBJ002_01492	6.3.3.2
GBJ002_01496	7.3.2.1
GBJ002_01502	1.15.1.1
GBJ002_01506	1.17.7.1
GBJ002_01506	1.17.7.3
GBJ002_01512	3.1.21.2
GBJ002_01513	3.6.4.13
GBJ002_01515	1.17.7.4
GBJ002_01516	3.5.4.16
GBJ002_01517	2.1.1.217
GBJ002_01521	2.7.11.32
GBJ002_01521	2.7.4.27
GBJ002_01526	3.5.4.5
GBJ002_01528	3.1.-.-
GBJ002_01529	3.1.4.-
GBJ002_01535	2.8.4.5
GBJ002_01536	2.1.1.193
GBJ002_01537	2.1.1.-
GBJ002_01544	3.6.5.n1
GBJ002_01546	3.4.24.78
GBJ002_01548	2.7.7.7
GBJ002_01556	3.6.1.41
GBJ002_01557	2.7.7.18
GBJ002_01559	1.1.1.25
GBJ002_01563	4.1.1.65
GBJ002_01571	3.1.3.1
GBJ002_01581	1.14.16.-
GBJ002_01582	4.2.1.96
GBJ002_01590	7.2.2.-
GBJ002_01594	1.1.1.1
GBJ002_01594	1.2.1.10
GBJ002_01595	4.4.1.1
GBJ002_01595	4.4.1.2
GBJ002_01596	2.5.1.134
GBJ002_01597	3.2.2.16
GBJ002_01597	3.2.2.9
GBJ002_01598	2.1.1.-
GBJ002_01604	2.7.1.48
GBJ002_01605	3.4.-.-
GBJ002_01608	4.2.2.29
GBJ002_01610	3.1.-.-
GBJ002_01610	3.1.21.10
GBJ002_01612	6.1.1.7
GBJ002_01620	2.8.1.13
GBJ002_01621	2.8.1.7
GBJ002_01626	6.1.1.12
GBJ002_01626	6.1.1.23
GBJ002_01627	6.1.1.21
GBJ002_01630	3.1.1.96
GBJ002_01631	2.7.6.5
GBJ002_01631	3.1.7.2
GBJ002_01632	2.4.2.7
GBJ002_01633	3.1.-.-
GBJ002_01641	2.4.2.29
GBJ002_01642	2.4.99.17
GBJ002_01644	3.6.4.-
GBJ002_01644	3.6.4.12
GBJ002_01645	3.6.1.-
GBJ002_01645	3.6.4.12
GBJ002_01652	2.5.1.72
GBJ002_01653	2.4.2.19
GBJ002_01654	1.4.3.16
GBJ002_01655	2.8.1.7
GBJ002_01659	4.2.1.51
GBJ002_01663	2.7.13.3
GBJ002_01665	3.6.5.-
GBJ002_01666	2.7.-.-
GBJ002_01671	3.4.24.-
GBJ002_01679	3.6.1.9
GBJ002_01681	6.3.2.12
GBJ002_01681	6.3.2.17
GBJ002_01682	6.1.1.9
GBJ002_01685	5.4.3.8
GBJ002_01686	4.2.1.24
GBJ002_01687	4.2.1.75
GBJ002_01688	2.5.1.61
GBJ002_01690	1.2.1.70
GBJ002_01692	1.11.1.28
GBJ002_01694	3.4.21.53
GBJ002_01695	3.4.21.53
GBJ002_01696	3.4.21.92
GBJ002_01697	5.2.1.8
GBJ002_01708	3.6.1.66
GBJ002_01709	2.7.7.56
GBJ002_01711	5.1.1.3
GBJ002_01730	3.1.2.-
GBJ002_01739	4.2.1.17
GBJ002_01741	6.2.1.3
GBJ002_01756	1.14.14.18
GBJ002_01757	3.4.22.71
GBJ002_01767	3.1.-.-
GBJ002_01771	3.1.26.-
GBJ002_01771	3.1.26.4
GBJ002_01773	6.1.1.22
GBJ002_01774	6.1.1.20
GBJ002_01775	6.1.1.20
GBJ002_01789	6.1.1.3
GBJ002_01795	4.1.1.50
GBJ002_01797	2.7.1.24
GBJ002_01799	3.2.2.23
GBJ002_01800	2.7.7.7
GBJ002_01801	2.7.13.3
GBJ002_01806	1.1.1.37
GBJ002_01807	1.1.1.42
GBJ002_01808	2.3.3.1
GBJ002_01808	2.3.3.5
GBJ002_01812	2.7.1.40
GBJ002_01813	2.7.1.11
GBJ002_01814	2.1.3.15
GBJ002_01814	6.4.1.2
GBJ002_01815	2.1.3.15
GBJ002_01815	6.4.1.2
GBJ002_01818	2.7.7.7
GBJ002_01821	3.1.13.3
GBJ002_01821	3.1.3.7
GBJ002_01827	3.4.13.9
GBJ002_01836	1.4.1.1
GBJ002_01842	4.3.2.1
GBJ002_01843	6.3.4.5
GBJ002_01851	2.7.2.1
GBJ002_01853	1.11.1.-
GBJ002_01853	1.11.1.24
GBJ002_01856	2.7.1.23
GBJ002_01861	2.8.1.4
GBJ002_01862	2.8.1.7
GBJ002_01868	4.4.1.11
GBJ002_01872	6.1.1.1
GBJ002_01873	2.3.1.79
GBJ002_01874	6.2.1.1
GBJ002_01875	2.3.1.-
GBJ002_01898	6.3.2.8
GBJ002_01899	6.3.4.21
GBJ002_01901	3.5.1.28
GBJ002_01906	3.6.1.73
GBJ002_01909	3.1.1.81
GBJ002_01910	2.1.1.33
GBJ002_01913	3.2.1.41
GBJ002_01915	3.4.13.-
GBJ002_01931	2.8.1.12
GBJ002_01934	4.6.1.17
GBJ002_01936	4.1.99.22
GBJ002_01942	2.3.1.31
GBJ002_01949	6.1.1.4
GBJ002_01963	4.2.3.130
GBJ002_01965	4.2.1.-
GBJ002_01967	2.4.1.-
GBJ002_01968	2.7.7.77
GBJ002_01972	2.5.1.6
GBJ002_01973	4.1.1.49
GBJ002_01987	1.11.1.6
GBJ002_02010	4.4.1.21
GBJ002_02012	4.2.1.1
GBJ002_02013	1.10.3.-
GBJ002_02013	7.1.1.7
GBJ002_02014	7.1.1.-
GBJ002_02014	7.1.1.7
GBJ002_02035	2.4.2.8
GBJ002_02060	2.7.13.3
GBJ002_02069	4.1.2.14
GBJ002_02070	2.9.1.1
GBJ002_02075	4.2.1.113
GBJ002_02076	6.2.1.26
GBJ002_02077	4.1.3.36
GBJ002_02078	4.2.99.20
GBJ002_02079	2.2.1.9
GBJ002_02081	2.5.1.74
GBJ002_02089	2.4.1.1
GBJ002_02090	2.4.1.21
GBJ002_02091	2.7.7.27
GBJ002_02092	2.7.7.27
GBJ002_02093	2.4.1.18
GBJ002_02095	1.1.1.27
GBJ002_02126	5.3.1.9
GBJ002_02136	1.15.1.1
GBJ002_02143	6.1.1.14
GBJ002_02147	2.7.7.9
GBJ002_02149	2.7.7.85
GBJ002_02150	3.4.11.1
GBJ002_02155	1.18.1.2
GBJ002_02166	5.1.1.7
GBJ002_02194	3.1.3.11
GBJ002_02204	2.8.1.8
GBJ002_02205	3.4.-.-
GBJ002_02211	2.8.1.7
GBJ002_02211	4.4.1.16
GBJ002_02217	7.4.2.11
GBJ002_02222	1.20.4.1
GBJ002_02226	1.1.1.27
GBJ002_02231	2.3.1.9
GBJ002_02234	3.4.16.4
GBJ002_02261	6.1.1.10
GBJ002_02268	3.4.24.-
GBJ002_02276	1.16.-.-
GBJ002_02279	3.2.2.-
GBJ002_02295	6.1.1.1
GBJ002_02296	1.3.1.98
GBJ002_02306	2.3.1.57
GBJ002_02314	4.2.1.1
GBJ002_02315	4.2.1.104
GBJ002_02319	7.2.2.-
GBJ002_02326	3.1.13.1
GBJ002_02327	3.1.1.1
GBJ002_02332	4.2.1.11
GBJ002_02333	5.4.2.12
GBJ002_02334	5.3.1.1
GBJ002_02335	2.7.2.3
GBJ002_02336	1.2.1.12
GBJ002_02348	3.4.21.92
GBJ002_02355	1.8.1.9
GBJ002_02358	3.6.1.1
GBJ002_02359	2.4.99.-
GBJ002_02359	2.5.1.145
GBJ002_02360	2.7.1.-
GBJ002_02360	2.7.11.-
GBJ002_02360	2.7.4.-
GBJ002_02363	3.1.25.-
GBJ002_02364	3.1.25.-
GBJ002_02385	7.4.2.8
GBJ002_02395	5.1.3.14
GBJ002_02396	1.1.1.22
GBJ002_02397	2.7.8.33
GBJ002_02397	2.7.8.35
GBJ002_02402	3.5.1.-
GBJ002_02402	3.5.1.105
GBJ002_02403	3.2.1.86
GBJ002_02405	2.7.1.205
GBJ002_02407	2.5.1.16
GBJ002_02408	4.1.1.50
GBJ002_02410	2.7.1.205
GBJ002_02419	1.10.3.-
GBJ002_02422	4.1.99.17
GBJ002_02427	2.7.8.20
GBJ002_02428	2.6.1.21
GBJ002_02461	2.7.8.-
GBJ002_02462	5.1.3.2
GBJ002_02463	1.1.1.22
GBJ002_02464	2.4.-.-
GBJ002_02469	2.7.7.9
GBJ002_02474	4.2.1.59
GBJ002_02481	4.2.2.29
GBJ002_02482	2.5.1.7
GBJ002_02485	1.6.5.11
GBJ002_02485	1.6.5.9
GBJ002_02485	7.1.1.-
GBJ002_02486	1.6.5.9
GBJ002_02487	7.1.1.2
GBJ002_02488	1.6.5.9
GBJ002_02488	7.1.1.-
GBJ002_02489	1.6.5.9
GBJ002_02490	1.6.5.9
GBJ002_02491	1.6.5.11
GBJ002_02491	1.6.5.9
GBJ002_02491	7.1.1.-
GBJ002_02492	1.6.5.9
GBJ002_02492	7.1.1.-
GBJ002_02492	7.1.1.2
GBJ002_02493	1.6.5.9
GBJ002_02494	7.1.1.-
GBJ002_02494	7.1.1.2
GBJ002_02495	7.1.1.-
GBJ002_02495	7.1.1.2
GBJ002_02499	7.1.2.2
GBJ002_02500	7.1.2.2
GBJ002_02501	7.1.2.2
GBJ002_02502	7.1.2.2
GBJ002_02503	7.1.2.2
GBJ002_02504	7.1.2.2
GBJ002_02505	7.1.2.2
GBJ002_02506	7.1.2.2
GBJ002_02509	2.4.2.9
GBJ002_02510	2.1.2.1
GBJ002_02512	5.3.1.6
GBJ002_02522	2.7.7.87
GBJ002_02525	2.1.1.297
GBJ002_02527	2.7.1.21
GBJ002_02529	3.6.4.-
GBJ002_02530	3.1.3.11
GBJ002_02531	2.5.1.7
GBJ002_02532	4.1.2.13
GBJ002_02533	2.7.-.-
GBJ002_02535	6.3.4.2
GBJ002_02536	2.7.7.6
GBJ002_02538	1.3.99.-
GBJ002_02539	1.3.99.-
GBJ002_02540	1.1.1.157
GBJ002_02541	2.3.1.9
GBJ002_02542	1.8.98.1
GBJ002_02561	3.-.-.-
GBJ002_02567	2.7.13.3
GBJ002_02570	3.4.11.18
GBJ002_02577	6.1.1.19
GBJ002_02579	3.4.17.13
GBJ002_02582	3.5.3.11
GBJ002_02583	2.5.1.16
GBJ002_02586	3.1.4.46
GBJ002_02590	5.3.2.-
GBJ002_02590	5.3.2.6
GBJ002_02598	2.3.1.204
GBJ002_02599	2.3.1.8
GBJ002_02600	1.3.98.5
GBJ002_02601	3.4.16.4
GBJ002_02608	3.1.3.104
GBJ002_02610	3.2.2.27
GBJ002_02616	1.1.1.3
GBJ002_02617	2.3.1.31
GBJ002_02617	2.3.1.46
GBJ002_02618	2.5.1.47
GBJ002_02620	3.1.3.5
GBJ002_02622	1.6.5.-
GBJ002_02625	2.7.1.35
GBJ002_02631	2.4.1.187
GBJ002_02644	2.4.-.-
GBJ002_02650	1.8.4.11
GBJ002_02650	1.8.4.12
GBJ002_02655	2.7.13.3
GBJ002_02659	1.15.1.1
GBJ002_02664	5.1.3.2
GBJ002_02667	3.6.4.13
GBJ002_02668	1.7.1.7
GBJ002_02669	3.4.24.-
GBJ002_02697	2.7.4.9
GBJ002_02698	2.1.-.-
GBJ002_02698	2.1.1.177
GBJ002_02701	3.1.11.-
GBJ002_02704	2.7.13.3
GBJ002_02710	6.3.4.4
GBJ002_02711	3.6.4.12
GBJ002_02711	5.6.2.3
GBJ002_02725	2.1.1.-
GBJ002_02725	2.1.1.170
GBJ002_02727	3.6.-.-
GBJ002_02730	3.1.26.5
GBJ002_02733	2.7.7.7
GBJ002_02736	5.6.2.2
GBJ002_02737	5.6.2.2
GBJ002_02744	1.1.1.205
GBJ002_02745	3.4.16.4
GBJ002_02746	4.3.3.6
GBJ002_02747	3.5.1.2
GBJ002_02747	4.3.3.6
GBJ002_02748	6.1.1.11
GBJ002_02752	2.7.1.113
GBJ002_02754	3.5.4.33
GBJ002_02757	2.7.7.7
GBJ002_02769	2.7.4.9
GBJ002_02770	2.7.7.7
GBJ002_02775	2.1.1.198
GBJ002_02777	6.1.1.10
GBJ002_02778	3.1.21.-
GBJ002_02779	3.1.26.8
GBJ002_02780	2.1.1.182
GBJ002_02781	3.4.-.-
GBJ002_02784	2.7.1.148
GBJ002_02788	2.3.1.157
GBJ002_02788	2.7.7.23
GBJ002_02789	2.7.6.1
GBJ002_02790	3.1.1.29
GBJ002_02792	5.6.2.4
GBJ002_02795	3.6.1.9
GBJ002_02803	3.1.3.16
GBJ002_02804	6.3.4.19
GBJ002_02805	2.4.2.8
GBJ002_02806	3.4.24.-
GBJ002_02807	2.7.1.33
GBJ002_02809	2.5.1.47
GBJ002_02810	2.6.1.123
GBJ002_02810	4.1.3.27
GBJ002_02811	2.6.1.123
GBJ002_02812	4.1.3.38
GBJ002_02813	2.5.1.15
GBJ002_02814	4.1.2.25
GBJ002_02815	2.7.6.3
GBJ002_02817	1.-.-.-
GBJ002_02817	1.3.1.-
GBJ002_02818	6.1.1.6
GBJ002_02824	2.7.14.1
GBJ002_02827	2.7.7.85
GBJ002_02829	2.7.7.60
GBJ002_02830	4.6.1.12
GBJ002_02831	6.1.1.17
GBJ002_02832	2.3.1.30
GBJ002_02833	6.1.1.16
GBJ002_02834	3.1.26.-
GBJ002_02837	2.7.7.6
GBJ002_02845	2.7.7.6
GBJ002_02846	2.7.7.6
GBJ002_02874	2.7.4.3
GBJ002_02875	3.4.11.18
GBJ002_02880	2.7.7.6
GBJ002_02882	7.-.-.-
GBJ002_02883	7.-.-.-
GBJ002_02885	5.4.99.12
GBJ002_02889	3.5.1.28
GBJ002_02907	2.7.1.165
GBJ002_02908	3.5.3.1
GBJ002_02909	2.7.7.85
GBJ002_02911	5.4.2.10
GBJ002_02912	2.6.1.16
GBJ002_02939	1.5.1.2
GBJ002_02957	3.1.21.-
GBJ002_02974	1.13.11.27
GBJ002_02975	3.7.1.2
GBJ002_02979	6.3.2.4
GBJ002_02980	6.3.2.10
GBJ002_02981	3.6.4.13
GBJ002_02982	3.-.-.-
GBJ002_02984	2.7.8.7
GBJ002_02986	5.1.1.1
GBJ002_02988	3.1.27.-
GBJ002_03009	2.3.1.234
GBJ002_03010	2.3.1.266
GBJ002_03011	2.3.1.234
GBJ002_03017	5.6.1.7
GBJ002_03035	6.3.5.2
GBJ002_03053	3.4.11.-
GBJ002_03069	3.6.1.27
GBJ002_03083	6.3.4.18
GBJ002_03084	4.3.2.2
GBJ002_03085	6.3.2.6
GBJ002_03086	6.3.5.3
GBJ002_03087	3.5.1.2
GBJ002_03087	6.3.5.3
GBJ002_03088	6.3.5.3
GBJ002_03089	2.4.2.14
GBJ002_03090	6.3.3.1
GBJ002_03091	2.1.2.2
GBJ002_03092	2.1.2.3
GBJ002_03092	3.5.4.10
GBJ002_03097	2.5.1.n9
GBJ002_03098	3.6.4.12
GBJ002_03099	6.5.1.2
GBJ002_03102	1.2.1.88
GBJ002_03104	7.4.2.11
GBJ002_03109	7.3.-.-
GBJ002_03109	7.3.2.7
GBJ002_03112	6.3.5.-
GBJ002_03113	6.3.5.7
GBJ002_03114	6.3.5.-
GBJ002_03115	2.7.1.107
GBJ002_03117	2.6.1.19
GBJ002_03119	1.2.1.79
GBJ002_03127	2.1.1.-
GBJ002_03127	2.1.1.190
GBJ002_03133	5.1.1.-
GBJ002_03136	3.5.1.-
GBJ002_03139	1.11.1.26
GBJ002_03140	2.7.1.-
GBJ002_03140	2.7.1.100
GBJ002_03141	5.3.1.-
GBJ002_03141	5.3.1.23
GBJ002_03142	4.1.2.-
GBJ002_03142	4.1.2.17
GBJ002_03148	1.18.1.2
GBJ002_03168	3.5.3.6
GBJ002_03169	2.1.3.3
GBJ002_03171	2.7.2.2
GBJ002_03176	2.7.1.208
GBJ002_03177	3.1.3.90
GBJ002_03179	5.6.2.1
GBJ002_03180	2.7.1.50
GBJ002_03181	2.5.1.3
GBJ002_03201	6.1.1.15
GBJ002_03210	7.2.2.10
GBJ002_03218	3.4.21.89
GBJ002_03228	4.2.1.2
GBJ002_03231	2.1.1.-
GBJ002_03231	2.1.1.190
GBJ002_03233	5.4.99.12
GBJ002_03238	3.5.1.-
GBJ002_03238	3.5.1.16
GBJ002_03243	3.5.1.2
GBJ002_03249	1.1.1.136
GBJ002_03252	2.3.1.54
GBJ002_03253	1.97.1.4
GBJ002_03254	2.4.1.315
GBJ002_03265	3.2.2.31
GBJ002_03269	3.6.1.15
GBJ002_03269	3.6.1.6
GBJ002_03273	5.4.3.8
GBJ002_03278	1.11.1.24
GBJ002_03280	2.3.1.87
GBJ002_03306	1.17.99.6
GBJ002_03308	2.1.1.207
GBJ002_03315	3.4.24.3
GBJ002_03337	2.7.13.3
GBJ002_03353	1.17.1.9
GBJ002_03355	3.1.4.46
GBJ002_03356	1.4.1.1
GBJ002_03360	6.3.4.21
GBJ002_03363	3.4.24.28
GBJ002_03372	4.3.1.1
GBJ002_03380	7.2.2.-
GBJ002_03382	2.3.1.-
GBJ002_03382	2.3.1.29
GBJ002_03387	2.7.8.-
GBJ002_03392	2.7.1.201
GBJ002_03393	3.2.1.93
GBJ002_03423	2.7.1.15
GBJ002_03424	5.4.99.62
GBJ002_03425	7.5.2.7
GBJ002_03425	7.5.2.8
GBJ002_03425	7.6.2.5
GBJ002_03428	2.2.1.2
GBJ002_03433	1.1.1.4
GBJ002_03435	3.1.4.3
GBJ002_03436	3.1.4.12
GBJ002_03441	3.6.1.27
GBJ002_03446	3.4.22.-
GBJ002_03462	7.1.1.5
GBJ002_03463	1.10.3.-
GBJ002_03507	3.5.99.2
GBJ002_03512	1.4.3.19
GBJ002_03514	2.8.1.10
GBJ002_03515	2.7.7.73
GBJ002_03521	7.2.2.6
GBJ002_03522	7.2.2.6
GBJ002_03557	2.7.8.-
GBJ002_03595	4.2.1.126
GBJ002_03615	1.11.1.6
GBJ002_03618	1.2.1.9
GBJ002_03632	2.2.1.6
GBJ002_03633	4.1.1.5
GBJ002_03635	3.2.2.-
GBJ002_03636	3.1.3.104
GBJ002_03648	4.2.1.17
GBJ002_03653	3.5.1.28
GBJ002_03656	4.2.1.77
GBJ002_03657	1.5.1.49
GBJ002_03669	4.3.2.2
GBJ002_03670	1.14.13.248
GBJ002_03696	2.7.13.3
GBJ002_03702	2.1.1.37
GBJ002_03710	5.6.2.3
GBJ002_03742	2.7.8.8
GBJ002_03749	2.7.1.121
GBJ002_03774	2.7.11.1
GBJ002_03788	3.5.1.24
GBJ002_03794	3.1.-.-
GBJ002_03806	4.1.1.2
GBJ002_03811	2.7.1.30
GBJ002_03812	1.1.5.3
GBJ002_03839	1.14.11.45
GBJ002_03845	2.4.99.28
GBJ002_03845	3.4.16.4
GBJ002_03846	4.1.1.37
GBJ002_03847	4.98.1.1
GBJ002_03847	4.99.1.9
GBJ002_03848	1.3.3.4
GBJ002_03861	3.1.26.11
GBJ002_03862	6.3.1.20
GBJ002_03889	3.4.24.84
GBJ002_03894	2.3.3.9
GBJ002_03895	4.1.3.1
GBJ002_03895	4.1.3.30
GBJ002_03903	3.4.21.89
GBJ002_03904	3.1.-.-
GBJ002_03904	3.6.4.12
GBJ002_03905	3.1.-.-
GBJ002_03905	3.6.4.12
GBJ002_03905	5.6.2.4
GBJ002_03916	2.6.1.13
GBJ002_03919	6.3.5.4
GBJ002_03920	4.98.1.1
GBJ002_03920	4.99.1.9
GBJ002_03921	1.11.1.6
GBJ002_03937	5.2.1.8
GBJ002_03942	3.1.3.104
GBJ002_03949	2.3.1.180
GBJ002_03950	2.3.1.179
GBJ002_03953	6.1.1.2
GBJ002_03966	2.7.8.-
GBJ002_03968	3.4.24.-
GBJ002_03975	2.7.1.23
GBJ002_03976	5.4.99.23
GBJ002_03978	3.6.1.17
GBJ002_03982	2.1.1.-
GBJ002_03989	2.7.7.24
GBJ002_03990	5.1.3.13
GBJ002_03991	4.2.1.46
GBJ002_03992	1.1.1.133
GBJ002_03993	1.3.1.-
GBJ002_03993	1.3.1.9
GBJ002_04001	3.1.-.-
GBJ002_04007	4.1.3.27
GBJ002_04009	2.4.2.18
GBJ002_04010	4.1.1.48
GBJ002_04011	5.3.1.24
GBJ002_04012	4.2.1.20
GBJ002_04013	4.2.1.20
GBJ002_04021	1.8.1.18
GBJ002_04027	2.3.1.61
GBJ002_04028	1.2.4.2
GBJ002_04043	3.4.16.4
GBJ002_04044	3.4.21.89
GBJ002_04050	3.4.24.-
GBJ002_04052	7.6.2.11
GBJ002_04059	5.4.99.23
GBJ002_04062	1.1.99.14
GBJ002_04063	1.1.99.14
GBJ002_04083	2.3.1.304
GBJ002_04091	3.11.1.1
GBJ002_04092	2.6.1.37
GBJ002_04106	2.7.13.3
GBJ002_04107	6.3.4.20
GBJ002_04108	4.1.2.50
GBJ002_04108	4.2.3.12
GBJ002_04109	4.3.99.3
GBJ002_04110	1.7.1.13
GBJ002_04119	1.17.4.1
GBJ002_04120	1.17.4.1
GBJ002_04132	3.4.17.13
GBJ002_04135	6.1.1.13
GBJ002_04137	6.1.1.13
GBJ002_04137	6.2.1.54
GBJ002_04144	2.7.1.190
GBJ002_04149	2.7.1.66
GBJ002_04149	3.6.1.27
GBJ002_04163	2.6.1.42
GBJ002_04164	2.2.1.6
GBJ002_04165	2.2.1.6
GBJ002_04166	1.1.1.86
GBJ002_04167	2.3.3.13
GBJ002_04168	1.1.1.85
GBJ002_04169	4.2.1.33
GBJ002_04170	4.2.1.33
GBJ002_04172	2.4.2.17
GBJ002_04173	1.1.1.23
GBJ002_04174	4.2.1.19
GBJ002_04175	4.3.2.10
GBJ002_04176	5.3.1.16
GBJ002_04177	4.3.2.10
GBJ002_04178	3.5.4.19
GBJ002_04179	3.6.1.31
GBJ002_04180	3.1.3.15
GBJ002_04183	2.7.8.8
GBJ002_04184	2.7.8.20
GBJ002_04186	4.1.1.20
GBJ002_04188	1.8.4.10
GBJ002_04188	1.8.4.8
GBJ002_04189	2.7.7.4
GBJ002_04191	1.7.7.1
GBJ002_04205	2.7.13.3
GBJ002_04215	1.14.12.17
GBJ002_04229	2.4.2.1
GBJ002_04231	2.3.2.3
GBJ002_04234	1.15.1.1
GBJ002_04235	3.4.16.4
GBJ002_04238	5.4.99.22
GBJ002_04243	2.7.13.3
GBJ002_04250	3.6.1.-
GBJ002_04256	1.4.1.2
GBJ002_04261	3.5.1.1
GBJ002_04263	2.7.4.25
GBJ002_04265	5.3.3.2
GBJ002_04270	3.6.5.-
GBJ002_04271	1.1.1.94
GBJ002_04275	3.6.1.-
GBJ002_04277	3.5.4.16
GBJ002_04278	2.5.1.30
GBJ002_04279	2.1.1.-
GBJ002_04279	2.1.1.163
GBJ002_04280	2.5.1.30
GBJ002_04281	2.7.4.6
GBJ002_04282	4.2.3.5
GBJ002_04283	4.2.3.4
GBJ002_04284	2.6.1.9
GBJ002_04292	2.3.1.-
GBJ002_04298	1.17.1.8
GBJ002_04299	4.2.3.3
GBJ002_04300	3.5.1.-
GBJ002_04301	2.4.1.-
GBJ002_04302	2.7.7.72
GBJ002_04303	6.3.4.15
GBJ002_04305	2.1.2.11
GBJ002_04306	6.3.2.1
GBJ002_04307	4.1.1.11
GBJ002_04308	3.6.4.12
GBJ002_04308	5.6.2.3
GBJ002_04311	2.6.1.1
GBJ002_04313	4.2.99.18
GBJ002_04316	3.1.21.10
GBJ002_04316	3.1.22.4
GBJ002_04330	3.4.17.19
GBJ002_04333	3.4.11.18
GBJ002_04334	2.4.2.22
GBJ002_04378	2.6.1.77
GBJ002_04402	2.1.1.80
GBJ002_04451	2.4.1.12
GBJ002_04472	6.3.5.4
GBJ002_04486	4.2.1.2
GBJ002_04502	4.3.1.18
GBJ002_04513	2.7.8.-
GBJ002_04514	2.7.4.22
GBJ002_04516	4.3.1.1
GBJ002_04518	2.7.13.3
GBJ002_04522	6.3.1.1
GBJ002_04524	2.7.2.4
GBJ002_04535	2.3.1.180
GBJ002_04538	2.5.1.47
GBJ002_04551	2.6.1.42
GBJ002_04552	2.2.1.6
GBJ002_04553	2.2.1.6
GBJ002_04554	1.1.1.86
GBJ002_04555	4.2.1.9
GBJ002_04556	4.3.1.19
GBJ002_04562	1.13.11.-
GBJ002_04566	2.8.3.18
GBJ002_04569	3.5.4.28
GBJ002_04569	3.5.4.31
GBJ002_04576	1.14.-.-
GBJ002_04579	1.1.1.169
GBJ002_04593	4.1.2.4
GBJ002_04595	2.4.2.2
GBJ002_04596	3.5.4.5
GBJ002_04606	3.4.11.9
GBJ002_04608	1.16.3.1
GBJ002_04611	5.6.2.1
GBJ002_04614	1.6.5.-
GBJ002_04614	1.7.1.17
GBJ002_04627	1.1.1.27
GBJ002_04642	1.10.3.-
GBJ002_04642	7.1.1.7
GBJ002_04643	7.1.1.-
GBJ002_04643	7.1.1.7
GBJ002_04654	3.4.17.13
GBJ002_04655	3.4.16.4
GBJ002_04666	2.7.7.-
GBJ002_04667	3.5.1.104
GBJ002_04671	1.1.1.3
GBJ002_04672	4.2.3.1
GBJ002_04673	2.7.1.39
GBJ002_04676	2.7.8.-
GBJ002_04677	3.5.1.104
GBJ002_04681	6.3.2.-
GBJ002_04682	6.3.2.-
GBJ002_04683	6.2.1.62
GBJ002_04685	2.3.2.-
GBJ002_04686	4.2.1.118
GBJ002_04697	6.3.1.5
GBJ002_04703	1.1.1.-
GBJ002_04708	3.1.3.100
GBJ002_04708	3.6.1.-
GBJ002_04713	1.16.-.-
GBJ002_04720	1.1.1.432
GBJ002_04725	1.1.1.-
GBJ002_04726	1.6.99.1
GBJ002_04730	2.5.1.-
GBJ002_04732	3.1.3.3
GBJ002_04771	5.1.1.1
GBJ002_04823	6.3.4.3
GBJ002_04825	3.6.4.13
GBJ002_04836	1.11.1.9
GBJ002_04837	2.3.2.13
GBJ002_04840	1.7.5.1
GBJ002_04840	1.7.99.-
GBJ002_04840	1.7.99.4
GBJ002_04841	1.7.5.1
GBJ002_04841	1.7.99.-
GBJ002_04841	1.7.99.4
GBJ002_04843	1.7.99.4
GBJ002_04845	4.1.99.22
GBJ002_04848	2.8.1.12
GBJ002_04855	2.1.1.107
GBJ002_04855	4.2.1.75
GBJ002_04856	1.7.1.4
GBJ002_04857	1.7.1.4
GBJ002_04863	3.1.1.3
GBJ002_04881	2.1.1.242
GBJ002_04882	6.1.1.19
GBJ002_04887	6.1.1.5
GBJ002_04890	6.1.1.23
GBJ002_04898	5.1.1.10
GBJ002_04899	2.1.1.-
GBJ002_04911	2.1.1.45
GBJ002_04912	1.5.1.3
GBJ002_04914	1.6.5.-
GBJ002_04921	3.1.4.54
GBJ002_04924	6.3.5.4
GBJ002_04927	3.5.1.28
GBJ002_04929	2.6.1.21
GBJ002_04938	5.3.3.17
GBJ002_04939	1.1.1.1
GBJ002_04943	2.7.1.12
GBJ002_04945	1.1.1.343
GBJ002_04945	1.1.1.44
GBJ002_04966	2.8.3.8
GBJ002_04969	2.3.1.264
GBJ002_04971	5.4.3.2
GBJ002_04990	5.2.1.8
GBJ002_05001	2.4.99.28
GBJ002_05001	3.4.16.4
GBJ002_05006	4.2.1.79
GBJ002_05007	4.1.3.30
GBJ002_05010	1.2.1.27
GBJ002_05012	3.1.2.4
GBJ002_05021	1.3.1.28
GBJ002_05023	6.2.1.71
GBJ002_05024	3.3.2.1
GBJ002_05024	6.3.2.14
GBJ002_05025	6.1.1.13
GBJ002_05038	5.4.99.21
GBJ002_05039	6.1.1.3
GBJ002_05133	6.5.1.2
GBJ002_05134	2.7.7.49
GBJ002_05135	2.7.7.49
GBJ002_05139	2.7.7.79
GBJ002_05147	3.1.-.-
GBJ002_05180	2.7.1.21
GBJ002_05191	2.1.1.45
GBJ002_05192	1.5.1.3
GBJ002_05198	2.7.4.9
GBJ002_05222	3.1.21.10
GBJ002_05255	2.7.6.1
GBJ002_05256	6.3.4.21
GBJ002_05266	2.3.1.286
GBJ002_05275	1.17.4.1
GBJ002_05276	1.17.4.1
GBJ002_05284	3.1.-.-
